mmsi,timestamp,latitude,longitude,sog
123456789,2025-01-08T00:01:05Z,26.11065,-80.15753,0.0
215517000,2025-01-08T00:00:04Z,22.99586,-79.2316,12.6
232035644,2025-01-08T00:00:30Z,25.70509,-80.25492,0.0
243710119,2025-01-08T00:00:23Z,26.06246,-79.79353,2.3
249658000,2025-01-08T00:01:01Z,29.31281,-94.78841,0.0
256948000,2025-01-08T00:00:03Z,34.20624,-119.84649,9.4
303275000,2025-01-08T00:00:49Z,21.31001,-157.86854,0.0
305246000,2025-01-08T00:00:01Z,29.64935,-85.8962,14.3
311000859,2025-01-08T00:01:15Z,29.74443,-95.1057,0.0
311478000,2025-01-08T00:00:09Z,32.5397,-117.79683,5.9
316002054,2025-01-08T00:00:14Z,49.19319,-122.92024,0.0
316005494,2025-01-08T00:00:06Z,49.20511,-123.05489,0.0
316009853,2025-01-08T00:00:10Z,49.08567,-123.10991,0.0
316016131,2025-01-08T00:01:00Z,48.4147,-123.38618,0.0
316023833,2025-01-08T00:00:07Z,49.2865,-123.09802,0.0
316031625,2025-01-08T00:00:53Z,49.2938,-123.12683,0.3
316040057,2025-01-08T00:01:14Z,48.66933,-123.40667,0.0
316048473,2025-01-08T00:00:09Z,49.26448,-123.296,10.3
319048700,2025-01-08T00:00:00Z,30.14389,-85.72764,0.0
319234700,2025-01-08T00:00:39Z,25.68256,-80.25978,0.0
319777000,2025-01-08T00:00:07Z,26.06157,-80.13482,0.0
338049016,2025-01-08T00:00:00Z,32.71121,-117.23313,0.0
338100018,2025-01-08T00:00:29Z,33.84864,-118.3994,0.0
338127792,2025-01-08T00:00:18Z,34.1615,-77.85258,0.0
338143803,2025-01-08T00:00:37Z,38.78217,-76.55905,0.0
338168848,2025-01-08T00:00:06Z,37.78479,-122.26779,0.0
338191619,2025-01-08T00:00:21Z,30.02755,-90.11652,0.0
338211168,2025-01-08T00:00:29Z,48.39835,-122.62728,0.0
338229581,2025-01-08T00:00:08Z,32.71175,-117.21855,4.2
338249095,2025-01-08T00:00:20Z,34.18025,-119.22617,0.0
338310725,2025-01-08T00:00:34Z,33.71966,-118.27625,0.0
338324000,2025-01-08T00:00:13Z,43.36098,-124.20448,0.0
338338006,2025-01-08T00:01:07Z,48.51247,-122.6088,0.0
338356832,2025-01-08T00:01:15Z,27.71303,-82.67889,0.0
338384000,2025-01-08T00:00:00Z,47.63483,-122.32874,0.0
338394616,2025-01-08T00:00:41Z,27.68934,-82.72201,0.0
338403986,2025-01-08T00:00:19Z,33.75176,-118.11218,0.0
338422116,2025-01-08T00:00:01Z,30.35207,-88.50805,0.0
338432501,2025-01-08T00:02:38Z,36.83106,-75.9764,0.0
338444000,2025-01-08T00:00:57Z,30.38865,-86.32875,0.0
338459582,2025-01-08T00:01:25Z,47.67973,-122.40804,0.0
338472581,2025-01-08T00:01:23Z,47.30545,-122.5111,0.9
338491917,2025-01-08T00:01:33Z,47.54747,-122.2367,0.0
338501344,2025-01-08T00:00:40Z,39.8401,-74.15852,0.0
338518674,2025-01-08T00:01:19Z,28.40619,-80.68019,0.0
338866000,2025-01-08T00:00:01Z,41.69227,-83.46012,0.0
339163000,2025-01-08T00:00:52Z,26.10423,-80.12103,0.0
352002038,2025-01-08T00:00:06Z,18.45974,-66.1019,0.0
354739000,2025-01-08T00:00:07Z,37.45099,-122.72794,7.0
365691344,2025-01-08T00:00:04Z,42.3803,-71.04304,0.1
366553750,2025-01-08T00:00:03Z,29.9224,-90.0712,0.0
366714000,2025-01-08T00:00:47Z,19.66881,-156.0236,0.1
366772750,2025-01-08T00:01:06Z,48.54584,-122.93437,15.8
366808340,2025-01-08T00:00:05Z,37.76851,-122.68555,2.3
366842490,2025-01-08T00:00:22Z,43.01948,-124.53552,2.3
366874920,2025-01-08T00:00:00Z,30.03714,-94.04419,0.0
366899290,2025-01-08T00:00:15Z,39.37758,-74.42682,0.1
366921080,2025-01-08T00:00:00Z,29.85091,-89.98309,0.1
366939170,2025-01-08T00:00:59Z,40.66194,-74.07375,0.0
366951230,2025-01-08T00:00:09Z,30.04512,-90.5405,0.0
366961670,2025-01-08T00:00:28Z,29.68556,-94.95861,0.0
366971980,2025-01-08T05:27:07Z,37.80169,-122.34376,12.5
366982270,2025-01-08T00:00:04Z,39.37374,-74.42753,0.0
366988470,2025-01-08T00:00:29Z,29.56128,-90.70363,0.0
366995290,2025-01-08T00:01:10Z,30.0593,-93.37805,0.1
366997880,2025-01-08T00:00:07Z,29.93267,-90.1845,4.6
366999663,2025-01-08T00:00:04Z,36.60876,-121.89142,0.0
367003520,2025-01-08T00:00:37Z,30.18009,-89.3494,6.6
367005550,2025-01-08T00:00:20Z,29.30853,-94.81028,0.0
367013000,2025-01-08T00:01:06Z,26.83654,-80.05707,0.0
367028910,2025-01-08T00:00:04Z,29.79348,-95.06677,0.0
367053260,2025-01-08T00:00:00Z,30.01676,-94.01353,0.0
367062810,2025-01-08T00:00:10Z,35.20774,-75.70337,0.0
367078040,2025-01-08T00:00:17Z,38.61626,-90.1858,0.0
367090270,2025-01-08T00:00:38Z,29.25727,-89.36121,0.0
367103120,2025-01-08T00:00:38Z,29.25576,-89.35538,0.0
367120230,2025-01-08T00:00:04Z,39.8926,-75.19146,0.1
367133180,2025-01-08T00:00:05Z,43.37203,-124.21023,0.0
367145440,2025-01-08T00:00:45Z,27.81399,-97.41729,0.0
367156710,2025-01-08T00:00:03Z,29.29536,-89.34425,0.0
367166940,2025-01-08T00:00:03Z,38.84872,-90.10977,5.7
367182320,2025-01-08T00:01:00Z,37.859,-122.4815,0.0
367199580,2025-01-08T00:00:07Z,28.15593,-82.75955,0.0
367307280,2025-01-08T00:00:00Z,30.18385,-85.73377,0.0
367314420,2025-01-08T00:00:16Z,29.94348,-90.01386,0.0
367327040,2025-01-08T00:00:03Z,41.09764,-72.35651,5.3
367338290,2025-01-08T00:01:29Z,37.8228,-122.41914,10.1
367349860,2025-01-08T00:00:01Z,30.27628,-91.17384,0.0
367360360,2025-01-08T00:00:04Z,27.85135,-97.06542,0.0
367371410,2025-01-08T00:00:07Z,38.77118,-82.21755,5.5
367379810,2025-01-08T00:00:00Z,29.93714,-90.32303,1.2
367390720,2025-01-08T00:00:31Z,29.11945,-90.19845,0.0
367401660,2025-01-08T00:00:02Z,29.81689,-90.00579,0.0
367413350,2025-01-08T00:00:00Z,47.58104,-122.42863,6.6
367427060,2025-01-08T00:00:12Z,21.35193,-157.96195,0.2
367436230,2025-01-08T00:00:07Z,37.7925,-122.30129,9.7
367446390,2025-01-08T00:00:03Z,36.95338,-76.32889,0.0
367457250,2025-01-08T00:00:01Z,29.32025,-94.6664,27.9
367469070,2025-01-08T00:00:06Z,37.86829,-122.31492,0.0
367477560,2025-01-08T00:00:02Z,29.90677,-90.10152,0.0
367486910,2025-01-08T00:00:37Z,27.85778,-97.0544,4.3
367499710,2025-01-08T00:01:01Z,26.83643,-80.057,0.0
367505750,2025-01-08T00:00:00Z,40.44445,-80.02289,4.5
367512340,2025-01-08T00:01:10Z,30.18771,-91.12911,4.2
367518250,2025-01-08T00:00:21Z,29.25368,-89.97685,0.1
367527750,2025-01-08T00:00:52Z,30.38975,-88.85726,0.1
367536120,2025-01-08T00:00:08Z,29.76773,-94.04642,4.8
367546220,2025-01-08T00:01:29Z,40.12839,-74.82167,0.0
367554370,2025-01-08T00:00:26Z,34.55192,-77.32466,0.0
367562810,2025-01-08T00:00:06Z,29.51002,-94.87939,6.2
367574880,2025-01-08T00:00:01Z,30.76567,-88.02761,6.8
367585170,2025-01-08T00:00:39Z,27.86423,-97.04803,0.0
367590780,2025-01-08T00:00:00Z,42.62891,-73.75417,0.0
367598950,2025-01-08T00:00:58Z,45.56016,-122.72846,0.0
367606860,2025-01-08T00:00:07Z,29.96654,-93.85792,0.0
367615680,2025-01-08T00:00:04Z,29.65891,-94.97213,7.2
367627450,2025-01-08T00:00:36Z,25.77316,-80.17566,0.1
367637490,2025-01-08T00:00:01Z,29.77441,-95.078,0.0
367643980,2025-01-08T00:00:02Z,26.11463,-80.11786,0.0
367652000,2025-01-08T00:00:35Z,28.80873,-89.50846,6.9
367660160,2025-01-08T00:00:04Z,30.6919,-88.03722,0.1
367671160,2025-01-08T00:00:06Z,27.84759,-97.06163,0.0
367681630,2025-01-08T00:00:03Z,45.64382,-122.72579,0.0
367689970,2025-01-08T00:00:00Z,29.14131,-90.19671,0.0
367699340,2025-01-08T00:00:05Z,38.45308,-82.60349,0.0
367702890,2025-01-08T00:00:06Z,38.42378,-82.59529,7.1
367710250,2025-01-08T00:00:23Z,38.82831,-90.1088,0.0
367718490,2025-01-08T00:00:07Z,34.73237,-90.45835,3.5
367728240,2025-01-08T00:00:04Z,28.9502,-95.33695,0.0
367738490,2025-01-08T00:00:04Z,42.28086,-83.12668,0.0
367747440,2025-01-08T00:02:27Z,29.06162,-80.916,0.4
367756120,2025-01-08T00:00:00Z,26.77933,-80.05286,0.0
367765140,2025-01-08T00:00:00Z,28.71622,-95.97675,3.2
367772180,2025-01-08T00:00:23Z,29.78761,-95.06859,0.0
367778460,2025-01-08T00:00:39Z,24.56275,-81.80303,0.0
367788290,2025-01-08T00:00:39Z,30.13931,-89.64905,7.2
367798550,2025-01-08T00:00:36Z,28.90919,-95.36132,0.1
368006890,2025-01-08T00:00:04Z,27.82404,-97.48938,0.1
368015870,2025-01-08T00:01:29Z,48.60352,-123.17204,0.0
368027190,2025-01-08T00:00:01Z,29.74149,-95.20108,0.0
368041340,2025-01-08T00:01:31Z,24.56391,-81.73676,0.0
368051410,2025-01-08T00:00:27Z,48.49363,-122.68312,0.0
368061640,2025-01-08T00:00:30Z,47.62859,-122.39031,0.0
368068980,2025-01-08T00:00:01Z,47.58984,-122.34969,0.1
368076430,2025-01-08T00:01:07Z,36.79551,-76.29242,0.0
368084630,2025-01-08T00:01:41Z,47.62898,-122.3939,0.0
368093970,2025-01-08T00:00:14Z,36.80841,-76.28602,0.0
368102350,2025-01-08T00:00:02Z,38.53919,-90.25519,0.0
368111750,2025-01-08T00:00:35Z,27.86583,-97.04705,0.0
368117340,2025-01-08T00:00:34Z,30.29553,-87.62917,0.0
368126190,2025-01-08T00:00:18Z,37.92167,-122.40929,0.0
368131490,2025-01-08T00:00:00Z,30.29355,-87.63139,0.0
368140540,2025-01-08T00:00:03Z,29.76499,-95.09293,1.2
368148120,2025-01-08T00:00:06Z,41.74748,-124.18504,0.0
368157150,2025-01-08T00:01:24Z,34.00117,-77.95311,0.0
368165030,2025-01-08T00:00:01Z,33.72344,-118.28068,0.0
368172160,2025-01-08T00:00:27Z,32.72654,-117.19875,0.0
368180820,2025-01-08T00:00:35Z,29.61445,-95.00697,0.0
368189130,2025-01-08T00:01:24Z,47.65005,-122.3137,0.0
368201570,2025-01-08T00:01:00Z,29.34857,-94.81945,0.1
368209880,2025-01-08T00:00:01Z,29.77366,-93.34142,0.0
368220840,2025-01-08T00:01:06Z,24.56235,-81.80019,0.0
368230000,2025-01-08T00:00:06Z,29.31469,-94.79393,0.0
368237220,2025-01-08T00:00:06Z,38.5389,-90.25115,0.0
368244910,2025-01-08T00:00:07Z,30.75812,-88.04943,0.0
368253850,2025-01-08T00:00:18Z,26.7856,-80.04,0.7
368263020,2025-01-08T00:00:36Z,28.88278,-95.42427,0.0
368273720,2025-01-08T00:00:26Z,34.71122,-76.64338,0.0
368281470,2025-01-08T00:00:01Z,47.28102,-122.40122,1.8
368288820,2025-01-08T00:00:05Z,30.49177,-81.30877,8.6
368298180,2025-01-08T00:01:19Z,29.54973,-95.02736,0.0
368309830,2025-01-08T00:00:56Z,48.75467,-122.5039,0.0
368317880,2025-01-08T00:00:02Z,24.65415,-81.84845,10.2
368328620,2025-01-08T00:00:07Z,30.78356,-91.54801,4.0
368337080,2025-01-08T00:01:44Z,30.67517,-81.46739,0.0
368344610,2025-01-08T00:00:07Z,41.61254,-71.40892,0.0
368351390,2025-01-08T00:00:02Z,42.35353,-71.04311,0.0
368359850,2025-01-08T00:01:12Z,40.64292,-80.47741,0.4
368372940,2025-01-08T00:00:46Z,26.13949,-80.10993,0.0
368382480,2025-01-08T00:00:01Z,29.69958,-91.21417,0.0
368394980,2025-01-08T00:01:33Z,47.65513,-122.20728,0.0
368611000,2025-01-08T00:00:22Z,29.32457,-94.77824,9.2
369098000,2025-01-08T00:00:01Z,29.30763,-94.81108,0.0
369493300,2025-01-08T00:00:16Z,46.28154,-124.04668,0.0
369812000,2025-01-08T00:00:26Z,41.66454,-87.58344,0.0
369992000,2025-01-08T00:00:58Z,46.77974,-92.09801,0.0
374058000,2025-01-08T00:00:55Z,49.28207,-123.19565,0.1
403660000,2025-01-08T00:00:40Z,29.35182,-94.74132,0.0
477142100,2025-01-08T00:00:34Z,27.69025,-96.34977,1.5
477991446,2025-01-08T00:00:43Z,26.08577,-80.1839,0.0
538006053,2025-01-08T00:00:04Z,37.1722,-123.41077,0.8
538008883,2025-01-08T00:00:06Z,48.72711,-123.5524,0.0
538011237,2025-01-08T00:00:08Z,23.0785,-79.494,12.9
538072131,2025-01-08T00:00:07Z,18.33737,-64.92299,0.0
563161200,2025-01-08T00:00:01Z,35.18665,-121.74205,18.2
566539000,2025-01-08T00:00:07Z,48.13111,-123.43525,0.0
636016658,2025-01-08T00:00:06Z,21.67603,-158.79744,2.2
636020363,2025-01-08T00:00:03Z,30.08556,-88.37731,0.9
636023250,2025-01-08T00:00:06Z,37.79763,-122.32758,3.4
983192222,2025-01-08T00:00:19Z,26.70444,-80.04613,0.0
