mmsi,timestamp,latitude,longitude,sog,wave_height_m,wave_direction_deg,wave_period_s,wind_wave_height_m,wind_wave_direction_deg,swell_wave_height_m,swell_wave_direction_deg,ocean_current_velocity_m_s,ocean_current_direction_deg,sea_surface_temperature_c,marine_data_available,source,source_api,query_date,cache_path
123456789,2025-01-08T00:01:05+00:00,26.11065,-80.15753,0.0,0.74,21.0,6.35,0.16,336.0,0.7,21.0,0.05555555555555556,180.0,25.1,True,Open-Meteo Historical Marine API,https://marine-api.open-meteo.com/v1/marine,2025-01-08,data\raw\marine\historical_cache\e71b15543b4dd63238beaf1f5627024e35c6a69e38e793f1078b1073810b9b78.json
215517000,2025-01-08T00:00:04+00:00,22.99586,-79.2316,12.6,1.06,341.0,4.55,0.82,338.0,0.52,358.0,0.1388888888888889,180.0,25.6,True,Open-Meteo Historical Marine API,https://marine-api.open-meteo.com/v1/marine,2025-01-08,data\raw\marine\historical_cache\e71b15543b4dd63238beaf1f5627024e35c6a69e38e793f1078b1073810b9b78.json
232035644,2025-01-08T00:00:30+00:00,25.70509,-80.25492,0.0,0.42,40.0,5.3,0.14,344.0,0.36,33.0,0.05555555555555556,180.0,22.4,True,Open-Meteo Historical Marine API,https://marine-api.open-meteo.com/v1/marine,2025-01-08,data\raw\marine\historical_cache\e71b15543b4dd63238beaf1f5627024e35c6a69e38e793f1078b1073810b9b78.json
243710119,2025-01-08T00:00:23+00:00,26.06246,-79.79353,2.3,1.3,10.0,5.95,0.64,359.0,1.1,15.0,1.3055555555555556,0.0,25.1,True,Open-Meteo Historical Marine API,https://marine-api.open-meteo.com/v1/marine,2025-01-08,data\raw\marine\historical_cache\e71b15543b4dd63238beaf1f5627024e35c6a69e38e793f1078b1073810b9b78.json
249658000,2025-01-08T00:01:01+00:00,29.31281,-94.78841,0.0,0.48,47.0,3.55,0.38,25.0,0.24,79.0,0.1388888888888889,225.0,15.4,True,Open-Meteo Historical Marine API,https://marine-api.open-meteo.com/v1/marine,2025-01-08,data\raw\marine\historical_cache\e71b15543b4dd63238beaf1f5627024e35c6a69e38e793f1078b1073810b9b78.json
256948000,2025-01-08T00:00:03+00:00,34.20624,-119.84649,9.4,1.86,285.0,12.15,0.2,323.0,1.38,285.0,0.1388888888888889,135.0,12.9,True,Open-Meteo Historical Marine API,https://marine-api.open-meteo.com/v1/marine,2025-01-08,data\raw\marine\historical_cache\e71b15543b4dd63238beaf1f5627024e35c6a69e38e793f1078b1073810b9b78.json
303275000,2025-01-08T00:00:49+00:00,21.31001,-157.86854,0.0,1.74,229.0,9.05,0.8,208.0,0.96,276.0,0.11111111111111112,27.0,25.7,True,Open-Meteo Historical Marine API,https://marine-api.open-meteo.com/v1/marine,2025-01-08,data\raw\marine\historical_cache\e71b15543b4dd63238beaf1f5627024e35c6a69e38e793f1078b1073810b9b78.json
305246000,2025-01-08T00:00:01+00:00,29.64935,-85.8962,14.3,0.72,306.0,4.95,0.46,2.0,0.38,236.0,0.2777777777777778,158.0,20.1,True,Open-Meteo Historical Marine API,https://marine-api.open-meteo.com/v1/marine,2025-01-08,data\raw\marine\historical_cache\e71b15543b4dd63238beaf1f5627024e35c6a69e38e793f1078b1073810b9b78.json
311000859,2025-01-08T00:01:15+00:00,29.74443,-95.1057,0.0,,,,,,,,,,,False,Open-Meteo Historical Marine API,https://marine-api.open-meteo.com/v1/marine,2025-01-08,data\raw\marine\historical_cache\e71b15543b4dd63238beaf1f5627024e35c6a69e38e793f1078b1073810b9b78.json
311478000,2025-01-08T00:00:09+00:00,32.5397,-117.79683,5.9,2.14,280.0,11.8,0.36,321.0,1.62,281.0,0.0,90.0,15.3,True,Open-Meteo Historical Marine API,https://marine-api.open-meteo.com/v1/marine,2025-01-08,data\raw\marine\historical_cache\e71b15543b4dd63238beaf1f5627024e35c6a69e38e793f1078b1073810b9b78.json
316002054,2025-01-08T00:00:14+00:00,49.19319,-122.92024,0.0,0.02,116.0,1.85,0.0,48.0,0.02,121.0,0.0,90.0,6.1,True,Open-Meteo Historical Marine API,https://marine-api.open-meteo.com/v1/marine,2025-01-08,data\raw\marine\historical_cache\ed9a0ae3e86bec0a1cf2ba35bee58c059ea2a289702777f3b153c58c0f4fffae.json
316005494,2025-01-08T00:00:06+00:00,49.20511,-123.05489,0.0,0.02,126.0,1.75,0.0,74.0,0.02,113.0,0.0,90.0,6.7,True,Open-Meteo Historical Marine API,https://marine-api.open-meteo.com/v1/marine,2025-01-08,data\raw\marine\historical_cache\ed9a0ae3e86bec0a1cf2ba35bee58c059ea2a289702777f3b153c58c0f4fffae.json
316009853,2025-01-08T00:00:10+00:00,49.08567,-123.10991,0.0,0.02,134.0,1.7,0.0,91.0,0.02,110.0,0.0,90.0,6.7,True,Open-Meteo Historical Marine API,https://marine-api.open-meteo.com/v1/marine,2025-01-08,data\raw\marine\historical_cache\ed9a0ae3e86bec0a1cf2ba35bee58c059ea2a289702777f3b153c58c0f4fffae.json
316016131,2025-01-08T00:01:00+00:00,48.4147,-123.38618,0.0,0.14,281.0,10.35,0.02,29.0,0.14,281.0,0.11111111111111112,90.0,8.5,True,Open-Meteo Historical Marine API,https://marine-api.open-meteo.com/v1/marine,2025-01-08,data\raw\marine\historical_cache\ed9a0ae3e86bec0a1cf2ba35bee58c059ea2a289702777f3b153c58c0f4fffae.json
316023833,2025-01-08T00:00:07+00:00,49.2865,-123.09802,0.0,0.04,176.0,1.9,0.02,111.0,0.04,189.0,0.0,90.0,7.5,True,Open-Meteo Historical Marine API,https://marine-api.open-meteo.com/v1/marine,2025-01-08,data\raw\marine\historical_cache\ed9a0ae3e86bec0a1cf2ba35bee58c059ea2a289702777f3b153c58c0f4fffae.json
316031625,2025-01-08T00:00:53+00:00,49.2938,-123.12683,0.3,0.04,176.0,1.9,0.02,111.0,0.04,189.0,0.0,90.0,7.5,True,Open-Meteo Historical Marine API,https://marine-api.open-meteo.com/v1/marine,2025-01-08,data\raw\marine\historical_cache\ed9a0ae3e86bec0a1cf2ba35bee58c059ea2a289702777f3b153c58c0f4fffae.json
316040057,2025-01-08T00:01:14+00:00,48.66933,-123.40667,0.0,0.02,72.0,1.95,0.0,10.0,0.02,63.0,0.08333333333333333,135.0,7.9,True,Open-Meteo Historical Marine API,https://marine-api.open-meteo.com/v1/marine,2025-01-08,data\raw\marine\historical_cache\ed9a0ae3e86bec0a1cf2ba35bee58c059ea2a289702777f3b153c58c0f4fffae.json
316048473,2025-01-08T00:00:09+00:00,49.26448,-123.296,10.3,0.08,176.0,1.9,0.04,111.0,0.04,189.0,0.0,90.0,7.6,True,Open-Meteo Historical Marine API,https://marine-api.open-meteo.com/v1/marine,2025-01-08,data\raw\marine\historical_cache\ed9a0ae3e86bec0a1cf2ba35bee58c059ea2a289702777f3b153c58c0f4fffae.json
319048700,2025-01-08T00:00:00+00:00,30.14389,-85.72764,0.0,0.4,242.0,6.0,0.2,355.0,0.28,231.0,0.16666666666666666,146.0,16.8,True,Open-Meteo Historical Marine API,https://marine-api.open-meteo.com/v1/marine,2025-01-08,data\raw\marine\historical_cache\ed9a0ae3e86bec0a1cf2ba35bee58c059ea2a289702777f3b153c58c0f4fffae.json
319234700,2025-01-08T00:00:39+00:00,25.68256,-80.25978,0.0,0.42,40.0,5.3,0.14,344.0,0.36,33.0,0.05555555555555556,180.0,22.4,True,Open-Meteo Historical Marine API,https://marine-api.open-meteo.com/v1/marine,2025-01-08,data\raw\marine\historical_cache\ed9a0ae3e86bec0a1cf2ba35bee58c059ea2a289702777f3b153c58c0f4fffae.json
319777000,2025-01-08T00:00:07+00:00,26.06157,-80.13482,0.0,0.74,21.0,6.35,0.16,336.0,0.7,21.0,0.11111111111111112,153.0,25.1,True,Open-Meteo Historical Marine API,https://marine-api.open-meteo.com/v1/marine,2025-01-08,data\raw\marine\historical_cache\ac9ec5e0cfcfed7a5b95a479b22f081c7b460d4a360d3d6b4bb4f4e6e0cb7d09.json
338049016,2025-01-08T00:00:00+00:00,32.71121,-117.23313,0.0,1.48,271.0,11.05,0.08,289.0,0.9,270.0,0.11111111111111112,180.0,14.3,True,Open-Meteo Historical Marine API,https://marine-api.open-meteo.com/v1/marine,2025-01-08,data\raw\marine\historical_cache\ac9ec5e0cfcfed7a5b95a479b22f081c7b460d4a360d3d6b4bb4f4e6e0cb7d09.json
338100018,2025-01-08T00:00:29+00:00,33.84864,-118.3994,0.0,1.04,278.0,10.35,0.4,359.0,0.72,272.0,0.11111111111111112,207.0,14.4,True,Open-Meteo Historical Marine API,https://marine-api.open-meteo.com/v1/marine,2025-01-08,data\raw\marine\historical_cache\ac9ec5e0cfcfed7a5b95a479b22f081c7b460d4a360d3d6b4bb4f4e6e0cb7d09.json
338127792,2025-01-08T00:00:18+00:00,34.1615,-77.85258,0.0,0.46,54.0,6.3,0.28,335.0,0.26,171.0,0.05555555555555556,180.0,11.0,True,Open-Meteo Historical Marine API,https://marine-api.open-meteo.com/v1/marine,2025-01-08,data\raw\marine\historical_cache\ac9ec5e0cfcfed7a5b95a479b22f081c7b460d4a360d3d6b4bb4f4e6e0cb7d09.json
338143803,2025-01-08T00:00:37+00:00,38.78217,-76.55905,0.0,0.56,299.0,2.9,0.54,299.0,0.04,292.0,0.16666666666666666,108.0,3.2,True,Open-Meteo Historical Marine API,https://marine-api.open-meteo.com/v1/marine,2025-01-08,data\raw\marine\historical_cache\ac9ec5e0cfcfed7a5b95a479b22f081c7b460d4a360d3d6b4bb4f4e6e0cb7d09.json
338168848,2025-01-08T00:00:06+00:00,37.78479,-122.26779,0.0,0.58,320.0,8.1,0.24,0.0,0.44,278.0,0.22222222222222224,153.0,12.5,True,Open-Meteo Historical Marine API,https://marine-api.open-meteo.com/v1/marine,2025-01-08,data\raw\marine\historical_cache\ac9ec5e0cfcfed7a5b95a479b22f081c7b460d4a360d3d6b4bb4f4e6e0cb7d09.json
338191619,2025-01-08T00:00:21+00:00,30.02755,-90.11652,0.0,0.28,2.0,2.2,0.26,1.0,0.04,60.0,,,,True,Open-Meteo Historical Marine API,https://marine-api.open-meteo.com/v1/marine,2025-01-08,data\raw\marine\historical_cache\ac9ec5e0cfcfed7a5b95a479b22f081c7b460d4a360d3d6b4bb4f4e6e0cb7d09.json
338211168,2025-01-08T00:00:29+00:00,48.39835,-122.62728,0.0,0.08,279.0,11.3,0.0,120.0,0.08,279.0,0.0,90.0,8.5,True,Open-Meteo Historical Marine API,https://marine-api.open-meteo.com/v1/marine,2025-01-08,data\raw\marine\historical_cache\ac9ec5e0cfcfed7a5b95a479b22f081c7b460d4a360d3d6b4bb4f4e6e0cb7d09.json
338229581,2025-01-08T00:00:08+00:00,32.71175,-117.21855,4.2,1.48,271.0,11.05,0.08,289.0,0.9,270.0,0.11111111111111112,180.0,14.3,True,Open-Meteo Historical Marine API,https://marine-api.open-meteo.com/v1/marine,2025-01-08,data\raw\marine\historical_cache\ac9ec5e0cfcfed7a5b95a479b22f081c7b460d4a360d3d6b4bb4f4e6e0cb7d09.json
338249095,2025-01-08T00:00:20+00:00,34.18025,-119.22617,0.0,1.16,278.0,12.3,0.02,344.0,0.82,280.0,0.0,90.0,14.1,True,Open-Meteo Historical Marine API,https://marine-api.open-meteo.com/v1/marine,2025-01-08,data\raw\marine\historical_cache\ac9ec5e0cfcfed7a5b95a479b22f081c7b460d4a360d3d6b4bb4f4e6e0cb7d09.json
338310725,2025-01-08T00:00:34+00:00,33.71966,-118.27625,0.0,1.24,275.0,11.05,0.36,350.0,0.88,274.0,0.1388888888888889,180.0,14.5,True,Open-Meteo Historical Marine API,https://marine-api.open-meteo.com/v1/marine,2025-01-08,data\raw\marine\historical_cache\21d134e832a3812993bc39f65da8438ad61580454aa13db518a341cdb9acf2c4.json
338324000,2025-01-08T00:00:13+00:00,43.36098,-124.20448,0.0,2.22,277.0,14.95,0.0,221.0,2.22,277.0,0.05555555555555556,90.0,11.6,True,Open-Meteo Historical Marine API,https://marine-api.open-meteo.com/v1/marine,2025-01-08,data\raw\marine\historical_cache\21d134e832a3812993bc39f65da8438ad61580454aa13db518a341cdb9acf2c4.json
338338006,2025-01-08T00:01:07+00:00,48.51247,-122.6088,0.0,0.02,82.0,2.0,0.0,69.0,0.02,57.0,0.0,90.0,8.5,True,Open-Meteo Historical Marine API,https://marine-api.open-meteo.com/v1/marine,2025-01-08,data\raw\marine\historical_cache\21d134e832a3812993bc39f65da8438ad61580454aa13db518a341cdb9acf2c4.json
338356832,2025-01-08T00:01:15+00:00,27.71303,-82.67889,0.0,0.76,289.0,6.9,0.22,358.0,0.7,282.0,0.2777777777777778,149.0,16.8,True,Open-Meteo Historical Marine API,https://marine-api.open-meteo.com/v1/marine,2025-01-08,data\raw\marine\historical_cache\21d134e832a3812993bc39f65da8438ad61580454aa13db518a341cdb9acf2c4.json
338384000,2025-01-08T00:00:00+00:00,47.63483,-122.32874,0.0,0.02,170.0,2.15,0.0,170.0,0.02,170.0,,,,True,Open-Meteo Historical Marine API,https://marine-api.open-meteo.com/v1/marine,2025-01-08,data\raw\marine\historical_cache\21d134e832a3812993bc39f65da8438ad61580454aa13db518a341cdb9acf2c4.json
338394616,2025-01-08T00:00:41+00:00,27.68934,-82.72201,0.0,0.76,289.0,6.9,0.22,358.0,0.7,282.0,0.2777777777777778,149.0,16.8,True,Open-Meteo Historical Marine API,https://marine-api.open-meteo.com/v1/marine,2025-01-08,data\raw\marine\historical_cache\21d134e832a3812993bc39f65da8438ad61580454aa13db518a341cdb9acf2c4.json
338403986,2025-01-08T00:00:19+00:00,33.75176,-118.11218,0.0,0.52,210.0,10.1,0.04,13.0,0.34,177.0,0.05555555555555556,180.0,14.6,True,Open-Meteo Historical Marine API,https://marine-api.open-meteo.com/v1/marine,2025-01-08,data\raw\marine\historical_cache\21d134e832a3812993bc39f65da8438ad61580454aa13db518a341cdb9acf2c4.json
338422116,2025-01-08T00:00:01+00:00,30.35207,-88.50805,0.0,0.34,12.0,3.1,0.3,2.0,0.14,159.0,0.11111111111111112,117.0,14.2,True,Open-Meteo Historical Marine API,https://marine-api.open-meteo.com/v1/marine,2025-01-08,data\raw\marine\historical_cache\21d134e832a3812993bc39f65da8438ad61580454aa13db518a341cdb9acf2c4.json
338432501,2025-01-08T00:02:38+00:00,36.83106,-75.9764,0.0,0.72,343.0,5.45,0.56,311.0,0.26,25.0,0.22222222222222224,153.0,8.0,True,Open-Meteo Historical Marine API,https://marine-api.open-meteo.com/v1/marine,2025-01-08,data\raw\marine\historical_cache\21d134e832a3812993bc39f65da8438ad61580454aa13db518a341cdb9acf2c4.json
338444000,2025-01-08T00:00:57+00:00,30.38865,-86.32875,0.0,0.4,274.0,4.85,0.26,356.0,0.22,226.0,0.1388888888888889,135.0,17.0,True,Open-Meteo Historical Marine API,https://marine-api.open-meteo.com/v1/marine,2025-01-08,data\raw\marine\historical_cache\21d134e832a3812993bc39f65da8438ad61580454aa13db518a341cdb9acf2c4.json
338459582,2025-01-08T00:01:25+00:00,47.67973,-122.40804,0.0,0.02,170.0,2.15,0.0,170.0,0.02,170.0,,,,True,Open-Meteo Historical Marine API,https://marine-api.open-meteo.com/v1/marine,2025-01-08,data\raw\marine\historical_cache\afe3e1a14d41ce6a36e6c01d4bfdac312950cd765599374c5d55e410eaf791ba.json
338472581,2025-01-08T00:01:23+00:00,47.30545,-122.5111,0.9,,,,,,,,,,,False,Open-Meteo Historical Marine API,https://marine-api.open-meteo.com/v1/marine,2025-01-08,data\raw\marine\historical_cache\afe3e1a14d41ce6a36e6c01d4bfdac312950cd765599374c5d55e410eaf791ba.json
338491917,2025-01-08T00:01:33+00:00,47.54747,-122.2367,0.0,0.02,170.0,2.15,0.0,170.0,0.02,170.0,,,,True,Open-Meteo Historical Marine API,https://marine-api.open-meteo.com/v1/marine,2025-01-08,data\raw\marine\historical_cache\afe3e1a14d41ce6a36e6c01d4bfdac312950cd765599374c5d55e410eaf791ba.json
338501344,2025-01-08T00:00:40+00:00,39.8401,-74.15852,0.0,0.64,293.0,4.25,0.58,297.0,0.2,167.0,0.11111111111111112,90.0,3.7,True,Open-Meteo Historical Marine API,https://marine-api.open-meteo.com/v1/marine,2025-01-08,data\raw\marine\historical_cache\afe3e1a14d41ce6a36e6c01d4bfdac312950cd765599374c5d55e410eaf791ba.json
338518674,2025-01-08T00:01:19+00:00,28.40619,-80.68019,0.0,0.46,1.0,4.75,0.32,320.0,0.22,38.0,0.19444444444444442,180.0,18.5,True,Open-Meteo Historical Marine API,https://marine-api.open-meteo.com/v1/marine,2025-01-08,data\raw\marine\historical_cache\afe3e1a14d41ce6a36e6c01d4bfdac312950cd765599374c5d55e410eaf791ba.json
338866000,2025-01-08T00:00:01+00:00,41.69227,-83.46012,0.0,,,,,,,,,,,False,Open-Meteo Historical Marine API,https://marine-api.open-meteo.com/v1/marine,2025-01-08,data\raw\marine\historical_cache\afe3e1a14d41ce6a36e6c01d4bfdac312950cd765599374c5d55e410eaf791ba.json
339163000,2025-01-08T00:00:52+00:00,26.10423,-80.12103,0.0,0.74,21.0,6.35,0.16,336.0,0.7,21.0,0.05555555555555556,180.0,25.1,True,Open-Meteo Historical Marine API,https://marine-api.open-meteo.com/v1/marine,2025-01-08,data\raw\marine\historical_cache\afe3e1a14d41ce6a36e6c01d4bfdac312950cd765599374c5d55e410eaf791ba.json
352002038,2025-01-08T00:00:06+00:00,18.45974,-66.1019,0.0,1.7,4.0,10.85,0.22,78.0,1.56,358.0,0.11111111111111112,270.0,28.0,True,Open-Meteo Historical Marine API,https://marine-api.open-meteo.com/v1/marine,2025-01-08,data\raw\marine\historical_cache\afe3e1a14d41ce6a36e6c01d4bfdac312950cd765599374c5d55e410eaf791ba.json
354739000,2025-01-08T00:00:07+00:00,37.45099,-122.72794,7.0,2.42,289.0,12.7,0.72,346.0,2.3,285.0,0.08333333333333333,135.0,12.5,True,Open-Meteo Historical Marine API,https://marine-api.open-meteo.com/v1/marine,2025-01-08,data\raw\marine\historical_cache\afe3e1a14d41ce6a36e6c01d4bfdac312950cd765599374c5d55e410eaf791ba.json
365691344,2025-01-08T00:00:04+00:00,42.3803,-71.04304,0.1,0.8,316.0,3.5,0.78,314.0,0.12,19.0,0.22222222222222224,117.0,3.5,True,Open-Meteo Historical Marine API,https://marine-api.open-meteo.com/v1/marine,2025-01-08,data\raw\marine\historical_cache\afe3e1a14d41ce6a36e6c01d4bfdac312950cd765599374c5d55e410eaf791ba.json
366553750,2025-01-08T00:00:03+00:00,29.9224,-90.0712,0.0,,,,,,,,,,,False,Open-Meteo Historical Marine API,https://marine-api.open-meteo.com/v1/marine,2025-01-08,data\raw\marine\historical_cache\663d94f37aad82063a6e0068d18a613627eb01b2d3252ba6209eb8561aa0ec0d.json
366714000,2025-01-08T00:00:47+00:00,19.66881,-156.0236,0.1,1.56,276.0,10.45,0.66,186.0,1.26,299.0,0.1388888888888889,90.0,25.8,True,Open-Meteo Historical Marine API,https://marine-api.open-meteo.com/v1/marine,2025-01-08,data\raw\marine\historical_cache\663d94f37aad82063a6e0068d18a613627eb01b2d3252ba6209eb8561aa0ec0d.json
366772750,2025-01-08T00:01:06+00:00,48.54584,-122.93437,15.8,0.04,91.0,1.65,0.0,63.0,0.02,75.0,0.11111111111111112,0.0,8.6,True,Open-Meteo Historical Marine API,https://marine-api.open-meteo.com/v1/marine,2025-01-08,data\raw\marine\historical_cache\663d94f37aad82063a6e0068d18a613627eb01b2d3252ba6209eb8561aa0ec0d.json
366808340,2025-01-08T00:00:05+00:00,37.76851,-122.68555,2.3,1.88,287.0,12.5,0.58,344.0,1.6,282.0,0.16666666666666666,162.0,12.0,True,Open-Meteo Historical Marine API,https://marine-api.open-meteo.com/v1/marine,2025-01-08,data\raw\marine\historical_cache\663d94f37aad82063a6e0068d18a613627eb01b2d3252ba6209eb8561aa0ec0d.json
366842490,2025-01-08T00:00:22+00:00,43.01948,-124.53552,2.3,2.4,277.0,14.65,0.02,288.0,2.4,277.0,0.11111111111111112,180.0,11.8,True,Open-Meteo Historical Marine API,https://marine-api.open-meteo.com/v1/marine,2025-01-08,data\raw\marine\historical_cache\663d94f37aad82063a6e0068d18a613627eb01b2d3252ba6209eb8561aa0ec0d.json
366874920,2025-01-08T00:00:00+00:00,30.03714,-94.04419,0.0,,,,,,,,,,,False,Open-Meteo Historical Marine API,https://marine-api.open-meteo.com/v1/marine,2025-01-08,data\raw\marine\historical_cache\663d94f37aad82063a6e0068d18a613627eb01b2d3252ba6209eb8561aa0ec0d.json
366899290,2025-01-08T00:00:15+00:00,39.37758,-74.42682,0.1,1.16,266.0,5.85,1.02,288.0,0.52,173.0,0.08333333333333333,135.0,3.9,True,Open-Meteo Historical Marine API,https://marine-api.open-meteo.com/v1/marine,2025-01-08,data\raw\marine\historical_cache\663d94f37aad82063a6e0068d18a613627eb01b2d3252ba6209eb8561aa0ec0d.json
366921080,2025-01-08T00:00:00+00:00,29.85091,-89.98309,0.1,,,,,,,,,,,False,Open-Meteo Historical Marine API,https://marine-api.open-meteo.com/v1/marine,2025-01-08,data\raw\marine\historical_cache\663d94f37aad82063a6e0068d18a613627eb01b2d3252ba6209eb8561aa0ec0d.json
366939170,2025-01-08T00:00:59+00:00,40.66194,-74.07375,0.0,0.46,297.0,2.95,0.46,298.0,0.08,145.0,0.05555555555555556,90.0,2.5,True,Open-Meteo Historical Marine API,https://marine-api.open-meteo.com/v1/marine,2025-01-08,data\raw\marine\historical_cache\663d94f37aad82063a6e0068d18a613627eb01b2d3252ba6209eb8561aa0ec0d.json
366951230,2025-01-08T00:00:09+00:00,30.04512,-90.5405,0.0,,,,,,,,,,,False,Open-Meteo Historical Marine API,https://marine-api.open-meteo.com/v1/marine,2025-01-08,data\raw\marine\historical_cache\663d94f37aad82063a6e0068d18a613627eb01b2d3252ba6209eb8561aa0ec0d.json
366961670,2025-01-08T00:00:28+00:00,29.68556,-94.95861,0.0,0.08,113.0,2.85,0.06,0.0,0.02,150.0,,,,True,Open-Meteo Historical Marine API,https://marine-api.open-meteo.com/v1/marine,2025-01-08,data\raw\marine\historical_cache\f032a86b9f18cec69866f3e233eee78b99a4675222fb737a7b110a2df32ca4a5.json
366971980,2025-01-08T05:27:07+00:00,37.80169,-122.34376,12.5,0.96,302.0,10.9,0.34,6.0,0.84,277.0,0.1388888888888889,315.0,12.4,True,Open-Meteo Historical Marine API,https://marine-api.open-meteo.com/v1/marine,2025-01-08,data\raw\marine\historical_cache\f032a86b9f18cec69866f3e233eee78b99a4675222fb737a7b110a2df32ca4a5.json
366982270,2025-01-08T00:00:04+00:00,39.37374,-74.42753,0.0,1.16,266.0,5.85,1.02,288.0,0.52,173.0,0.08333333333333333,135.0,3.9,True,Open-Meteo Historical Marine API,https://marine-api.open-meteo.com/v1/marine,2025-01-08,data\raw\marine\historical_cache\f032a86b9f18cec69866f3e233eee78b99a4675222fb737a7b110a2df32ca4a5.json
366988470,2025-01-08T00:00:29+00:00,29.56128,-90.70363,0.0,,,,,,,,,,,False,Open-Meteo Historical Marine API,https://marine-api.open-meteo.com/v1/marine,2025-01-08,data\raw\marine\historical_cache\f032a86b9f18cec69866f3e233eee78b99a4675222fb737a7b110a2df32ca4a5.json
366995290,2025-01-08T00:01:10+00:00,30.0593,-93.37805,0.1,,,,,,,,,,,False,Open-Meteo Historical Marine API,https://marine-api.open-meteo.com/v1/marine,2025-01-08,data\raw\marine\historical_cache\f032a86b9f18cec69866f3e233eee78b99a4675222fb737a7b110a2df32ca4a5.json
366997880,2025-01-08T00:00:07+00:00,29.93267,-90.1845,4.6,,,,,,,,,,,False,Open-Meteo Historical Marine API,https://marine-api.open-meteo.com/v1/marine,2025-01-08,data\raw\marine\historical_cache\f032a86b9f18cec69866f3e233eee78b99a4675222fb737a7b110a2df32ca4a5.json
366999663,2025-01-08T00:00:04+00:00,36.60876,-121.89142,0.0,2.28,287.0,13.45,0.12,27.0,2.24,287.0,0.16666666666666666,214.0,13.0,True,Open-Meteo Historical Marine API,https://marine-api.open-meteo.com/v1/marine,2025-01-08,data\raw\marine\historical_cache\f032a86b9f18cec69866f3e233eee78b99a4675222fb737a7b110a2df32ca4a5.json
367003520,2025-01-08T00:00:37+00:00,30.18009,-89.3494,6.6,0.22,23.0,2.05,0.2,14.0,0.08,59.0,0.08333333333333333,135.0,13.4,True,Open-Meteo Historical Marine API,https://marine-api.open-meteo.com/v1/marine,2025-01-08,data\raw\marine\historical_cache\f032a86b9f18cec69866f3e233eee78b99a4675222fb737a7b110a2df32ca4a5.json
367005550,2025-01-08T00:00:20+00:00,29.30853,-94.81028,0.0,0.48,47.0,3.55,0.38,25.0,0.24,79.0,0.1388888888888889,225.0,16.4,True,Open-Meteo Historical Marine API,https://marine-api.open-meteo.com/v1/marine,2025-01-08,data\raw\marine\historical_cache\f032a86b9f18cec69866f3e233eee78b99a4675222fb737a7b110a2df32ca4a5.json
367013000,2025-01-08T00:01:06+00:00,26.83654,-80.05707,0.0,1.5,7.0,6.3,0.92,349.0,1.14,17.0,0.7222222222222222,25.0,24.7,True,Open-Meteo Historical Marine API,https://marine-api.open-meteo.com/v1/marine,2025-01-08,data\raw\marine\historical_cache\f032a86b9f18cec69866f3e233eee78b99a4675222fb737a7b110a2df32ca4a5.json
367028910,2025-01-08T00:00:04+00:00,29.79348,-95.06677,0.0,0.08,113.0,2.85,0.06,0.0,0.02,150.0,,,,True,Open-Meteo Historical Marine API,https://marine-api.open-meteo.com/v1/marine,2025-01-08,data\raw\marine\historical_cache\99421ba054a7394e7e99be04a814029aed2410f2815a74b26e299f0ed8d7775e.json
367053260,2025-01-08T00:00:00+00:00,30.01676,-94.01353,0.0,,,,,,,,,,,False,Open-Meteo Historical Marine API,https://marine-api.open-meteo.com/v1/marine,2025-01-08,data\raw\marine\historical_cache\99421ba054a7394e7e99be04a814029aed2410f2815a74b26e299f0ed8d7775e.json
367062810,2025-01-08T00:00:10+00:00,35.20774,-75.70337,0.0,1.44,305.0,6.2,1.12,318.0,0.72,185.0,0.25,169.0,12.1,True,Open-Meteo Historical Marine API,https://marine-api.open-meteo.com/v1/marine,2025-01-08,data\raw\marine\historical_cache\99421ba054a7394e7e99be04a814029aed2410f2815a74b26e299f0ed8d7775e.json
367078040,2025-01-08T00:00:17+00:00,38.61626,-90.1858,0.0,,,,,,,,,,,False,Open-Meteo Historical Marine API,https://marine-api.open-meteo.com/v1/marine,2025-01-08,data\raw\marine\historical_cache\99421ba054a7394e7e99be04a814029aed2410f2815a74b26e299f0ed8d7775e.json
367090270,2025-01-08T00:00:38+00:00,29.25727,-89.36121,0.0,0.42,9.0,3.45,0.36,7.0,0.12,218.0,0.11111111111111112,180.0,15.6,True,Open-Meteo Historical Marine API,https://marine-api.open-meteo.com/v1/marine,2025-01-08,data\raw\marine\historical_cache\99421ba054a7394e7e99be04a814029aed2410f2815a74b26e299f0ed8d7775e.json
367103120,2025-01-08T00:00:38+00:00,29.25576,-89.35538,0.0,0.42,9.0,3.45,0.36,7.0,0.12,218.0,0.11111111111111112,180.0,15.6,True,Open-Meteo Historical Marine API,https://marine-api.open-meteo.com/v1/marine,2025-01-08,data\raw\marine\historical_cache\99421ba054a7394e7e99be04a814029aed2410f2815a74b26e299f0ed8d7775e.json
367120230,2025-01-08T00:00:04+00:00,39.8926,-75.19146,0.1,,,,,,,,,,,False,Open-Meteo Historical Marine API,https://marine-api.open-meteo.com/v1/marine,2025-01-08,data\raw\marine\historical_cache\99421ba054a7394e7e99be04a814029aed2410f2815a74b26e299f0ed8d7775e.json
367133180,2025-01-08T00:00:05+00:00,43.37203,-124.21023,0.0,2.22,277.0,14.95,0.0,221.0,2.22,277.0,0.05555555555555556,90.0,11.6,True,Open-Meteo Historical Marine API,https://marine-api.open-meteo.com/v1/marine,2025-01-08,data\raw\marine\historical_cache\99421ba054a7394e7e99be04a814029aed2410f2815a74b26e299f0ed8d7775e.json
367145440,2025-01-08T00:00:45+00:00,27.81399,-97.41729,0.0,,,,,,,,,,,False,Open-Meteo Historical Marine API,https://marine-api.open-meteo.com/v1/marine,2025-01-08,data\raw\marine\historical_cache\99421ba054a7394e7e99be04a814029aed2410f2815a74b26e299f0ed8d7775e.json
367156710,2025-01-08T00:00:03+00:00,29.29536,-89.34425,0.0,0.42,9.0,3.45,0.36,7.0,0.12,218.0,0.11111111111111112,180.0,15.6,True,Open-Meteo Historical Marine API,https://marine-api.open-meteo.com/v1/marine,2025-01-08,data\raw\marine\historical_cache\99421ba054a7394e7e99be04a814029aed2410f2815a74b26e299f0ed8d7775e.json
367166940,2025-01-08T00:00:03+00:00,38.84872,-90.10977,5.7,,,,,,,,,,,False,Open-Meteo Historical Marine API,https://marine-api.open-meteo.com/v1/marine,2025-01-08,data\raw\marine\historical_cache\6368532275743a8062a470a7d3ada1129fa03dee9fa30aa992c6ffdfcf537d3b.json
367182320,2025-01-08T00:01:00+00:00,37.859,-122.4815,0.0,1.46,280.0,13.35,0.32,4.0,1.1,279.0,0.4444444444444445,63.0,12.2,True,Open-Meteo Historical Marine API,https://marine-api.open-meteo.com/v1/marine,2025-01-08,data\raw\marine\historical_cache\6368532275743a8062a470a7d3ada1129fa03dee9fa30aa992c6ffdfcf537d3b.json
367199580,2025-01-08T00:00:07+00:00,28.15593,-82.75955,0.0,1.02,290.0,6.55,0.3,13.0,0.8,277.0,0.16666666666666666,198.0,16.0,True,Open-Meteo Historical Marine API,https://marine-api.open-meteo.com/v1/marine,2025-01-08,data\raw\marine\historical_cache\6368532275743a8062a470a7d3ada1129fa03dee9fa30aa992c6ffdfcf537d3b.json
367307280,2025-01-08T00:00:00+00:00,30.18385,-85.73377,0.0,0.28,221.0,7.05,0.08,348.0,0.22,230.0,0.16666666666666666,146.0,16.5,True,Open-Meteo Historical Marine API,https://marine-api.open-meteo.com/v1/marine,2025-01-08,data\raw\marine\historical_cache\6368532275743a8062a470a7d3ada1129fa03dee9fa30aa992c6ffdfcf537d3b.json
367314420,2025-01-08T00:00:16+00:00,29.94348,-90.01386,0.0,,,,,,,,,,,False,Open-Meteo Historical Marine API,https://marine-api.open-meteo.com/v1/marine,2025-01-08,data\raw\marine\historical_cache\6368532275743a8062a470a7d3ada1129fa03dee9fa30aa992c6ffdfcf537d3b.json
367327040,2025-01-08T00:00:03+00:00,41.09764,-72.35651,5.3,1.64,294.0,4.7,1.62,295.0,0.16,183.0,1.1111111111111112,85.0,5.0,True,Open-Meteo Historical Marine API,https://marine-api.open-meteo.com/v1/marine,2025-01-08,data\raw\marine\historical_cache\6368532275743a8062a470a7d3ada1129fa03dee9fa30aa992c6ffdfcf537d3b.json
367338290,2025-01-08T00:01:29+00:00,37.8228,-122.41914,10.1,1.46,280.0,13.35,0.32,4.0,1.1,279.0,0.4444444444444445,63.0,12.2,True,Open-Meteo Historical Marine API,https://marine-api.open-meteo.com/v1/marine,2025-01-08,data\raw\marine\historical_cache\6368532275743a8062a470a7d3ada1129fa03dee9fa30aa992c6ffdfcf537d3b.json
367349860,2025-01-08T00:00:01+00:00,30.27628,-91.17384,0.0,,,,,,,,,,,False,Open-Meteo Historical Marine API,https://marine-api.open-meteo.com/v1/marine,2025-01-08,data\raw\marine\historical_cache\6368532275743a8062a470a7d3ada1129fa03dee9fa30aa992c6ffdfcf537d3b.json
367360360,2025-01-08T00:00:04+00:00,27.85135,-97.06542,0.0,0.72,63.0,4.65,0.52,39.0,0.4,78.0,0.2777777777777778,211.0,16.9,True,Open-Meteo Historical Marine API,https://marine-api.open-meteo.com/v1/marine,2025-01-08,data\raw\marine\historical_cache\6368532275743a8062a470a7d3ada1129fa03dee9fa30aa992c6ffdfcf537d3b.json
367371410,2025-01-08T00:00:07+00:00,38.77118,-82.21755,5.5,,,,,,,,,,,False,Open-Meteo Historical Marine API,https://marine-api.open-meteo.com/v1/marine,2025-01-08,data\raw\marine\historical_cache\6368532275743a8062a470a7d3ada1129fa03dee9fa30aa992c6ffdfcf537d3b.json
367379810,2025-01-08T00:00:00+00:00,29.93714,-90.32303,1.2,,,,,,,,,,,False,Open-Meteo Historical Marine API,https://marine-api.open-meteo.com/v1/marine,2025-01-08,data\raw\marine\historical_cache\f3ca855f26e9390e8f11b3c6bb0764b92817e2fe69acce52a5bd17dd9158e9d4.json
367390720,2025-01-08T00:00:31+00:00,29.11945,-90.19845,0.0,0.42,32.0,3.5,0.36,15.0,0.18,146.0,0.08333333333333333,225.0,17.5,True,Open-Meteo Historical Marine API,https://marine-api.open-meteo.com/v1/marine,2025-01-08,data\raw\marine\historical_cache\f3ca855f26e9390e8f11b3c6bb0764b92817e2fe69acce52a5bd17dd9158e9d4.json
367401660,2025-01-08T00:00:02+00:00,29.81689,-90.00579,0.0,,,,,,,,,,,False,Open-Meteo Historical Marine API,https://marine-api.open-meteo.com/v1/marine,2025-01-08,data\raw\marine\historical_cache\f3ca855f26e9390e8f11b3c6bb0764b92817e2fe69acce52a5bd17dd9158e9d4.json
367413350,2025-01-08T00:00:00+00:00,47.58104,-122.42863,6.6,0.02,170.0,2.15,0.0,170.0,0.02,170.0,,,,True,Open-Meteo Historical Marine API,https://marine-api.open-meteo.com/v1/marine,2025-01-08,data\raw\marine\historical_cache\f3ca855f26e9390e8f11b3c6bb0764b92817e2fe69acce52a5bd17dd9158e9d4.json
367427060,2025-01-08T00:00:12+00:00,21.35193,-157.96195,0.2,1.96,255.0,10.1,0.8,206.0,1.2,314.0,0.19444444444444442,76.0,25.8,True,Open-Meteo Historical Marine API,https://marine-api.open-meteo.com/v1/marine,2025-01-08,data\raw\marine\historical_cache\f3ca855f26e9390e8f11b3c6bb0764b92817e2fe69acce52a5bd17dd9158e9d4.json
367436230,2025-01-08T00:00:07+00:00,37.7925,-122.30129,9.7,0.58,320.0,8.1,0.24,0.0,0.44,278.0,0.22222222222222224,153.0,12.5,True,Open-Meteo Historical Marine API,https://marine-api.open-meteo.com/v1/marine,2025-01-08,data\raw\marine\historical_cache\f3ca855f26e9390e8f11b3c6bb0764b92817e2fe69acce52a5bd17dd9158e9d4.json
367446390,2025-01-08T00:00:03+00:00,36.95338,-76.32889,0.0,0.22,319.0,2.55,0.18,303.0,0.12,339.0,0.22222222222222224,45.0,6.0,True,Open-Meteo Historical Marine API,https://marine-api.open-meteo.com/v1/marine,2025-01-08,data\raw\marine\historical_cache\f3ca855f26e9390e8f11b3c6bb0764b92817e2fe69acce52a5bd17dd9158e9d4.json
367457250,2025-01-08T00:00:01+00:00,29.32025,-94.6664,27.9,0.56,51.0,3.7,0.44,29.0,0.26,81.0,0.1388888888888889,225.0,16.1,True,Open-Meteo Historical Marine API,https://marine-api.open-meteo.com/v1/marine,2025-01-08,data\raw\marine\historical_cache\f3ca855f26e9390e8f11b3c6bb0764b92817e2fe69acce52a5bd17dd9158e9d4.json
367469070,2025-01-08T00:00:06+00:00,37.86829,-122.31492,0.0,0.62,294.0,8.45,0.26,2.0,0.42,278.0,0.05555555555555556,90.0,12.3,True,Open-Meteo Historical Marine API,https://marine-api.open-meteo.com/v1/marine,2025-01-08,data\raw\marine\historical_cache\f3ca855f26e9390e8f11b3c6bb0764b92817e2fe69acce52a5bd17dd9158e9d4.json
367477560,2025-01-08T00:00:02+00:00,29.90677,-90.10152,0.0,,,,,,,,,,,False,Open-Meteo Historical Marine API,https://marine-api.open-meteo.com/v1/marine,2025-01-08,data\raw\marine\historical_cache\f3ca855f26e9390e8f11b3c6bb0764b92817e2fe69acce52a5bd17dd9158e9d4.json
367486910,2025-01-08T00:00:37+00:00,27.85778,-97.0544,4.3,0.72,63.0,4.65,0.52,39.0,0.4,78.0,0.2777777777777778,211.0,16.9,True,Open-Meteo Historical Marine API,https://marine-api.open-meteo.com/v1/marine,2025-01-08,data\raw\marine\historical_cache\cdb0e51f268aff2fe011833bf41eda36f72d5a6ee89d077305f3a12d11848310.json
367499710,2025-01-08T00:01:01+00:00,26.83643,-80.057,0.0,1.5,7.0,6.3,0.92,349.0,1.14,17.0,0.7222222222222222,25.0,24.7,True,Open-Meteo Historical Marine API,https://marine-api.open-meteo.com/v1/marine,2025-01-08,data\raw\marine\historical_cache\cdb0e51f268aff2fe011833bf41eda36f72d5a6ee89d077305f3a12d11848310.json
367505750,2025-01-08T00:00:00+00:00,40.44445,-80.02289,4.5,,,,,,,,,,,False,Open-Meteo Historical Marine API,https://marine-api.open-meteo.com/v1/marine,2025-01-08,data\raw\marine\historical_cache\cdb0e51f268aff2fe011833bf41eda36f72d5a6ee89d077305f3a12d11848310.json
367512340,2025-01-08T00:01:10+00:00,30.18771,-91.12911,4.2,,,,,,,,,,,False,Open-Meteo Historical Marine API,https://marine-api.open-meteo.com/v1/marine,2025-01-08,data\raw\marine\historical_cache\cdb0e51f268aff2fe011833bf41eda36f72d5a6ee89d077305f3a12d11848310.json
367518250,2025-01-08T00:00:21+00:00,29.25368,-89.97685,0.1,0.46,45.0,4.0,0.36,10.0,0.22,147.0,0.0,90.0,15.7,True,Open-Meteo Historical Marine API,https://marine-api.open-meteo.com/v1/marine,2025-01-08,data\raw\marine\historical_cache\cdb0e51f268aff2fe011833bf41eda36f72d5a6ee89d077305f3a12d11848310.json
367527750,2025-01-08T00:00:52+00:00,30.38975,-88.85726,0.1,0.2,3.0,2.3,0.2,359.0,0.04,158.0,0.1388888888888889,135.0,13.6,True,Open-Meteo Historical Marine API,https://marine-api.open-meteo.com/v1/marine,2025-01-08,data\raw\marine\historical_cache\cdb0e51f268aff2fe011833bf41eda36f72d5a6ee89d077305f3a12d11848310.json
367536120,2025-01-08T00:00:08+00:00,29.76773,-94.04642,4.8,0.32,61.0,3.3,0.26,29.0,0.14,77.0,0.0,90.0,15.0,True,Open-Meteo Historical Marine API,https://marine-api.open-meteo.com/v1/marine,2025-01-08,data\raw\marine\historical_cache\cdb0e51f268aff2fe011833bf41eda36f72d5a6ee89d077305f3a12d11848310.json
367546220,2025-01-08T00:01:29+00:00,40.12839,-74.82167,0.0,,,,,,,,,,,False,Open-Meteo Historical Marine API,https://marine-api.open-meteo.com/v1/marine,2025-01-08,data\raw\marine\historical_cache\cdb0e51f268aff2fe011833bf41eda36f72d5a6ee89d077305f3a12d11848310.json
367554370,2025-01-08T00:00:26+00:00,34.55192,-77.32466,0.0,0.68,289.0,6.15,0.46,330.0,0.42,180.0,0.08333333333333333,135.0,11.3,True,Open-Meteo Historical Marine API,https://marine-api.open-meteo.com/v1/marine,2025-01-08,data\raw\marine\historical_cache\cdb0e51f268aff2fe011833bf41eda36f72d5a6ee89d077305f3a12d11848310.json
367562810,2025-01-08T00:00:06+00:00,29.51002,-94.87939,6.2,0.26,28.0,2.35,0.24,18.0,0.08,84.0,0.11111111111111112,207.0,15.1,True,Open-Meteo Historical Marine API,https://marine-api.open-meteo.com/v1/marine,2025-01-08,data\raw\marine\historical_cache\cdb0e51f268aff2fe011833bf41eda36f72d5a6ee89d077305f3a12d11848310.json
367574880,2025-01-08T00:00:01+00:00,30.76567,-88.02761,6.8,,,,,,,,0.05555555555555556,180.0,13.7,True,Open-Meteo Historical Marine API,https://marine-api.open-meteo.com/v1/marine,2025-01-08,data\raw\marine\historical_cache\f7ca378902a6ff8749fc9f30583eaa1a9cc963d2ed5c7767e003e01d9b8128e1.json
367585170,2025-01-08T00:00:39+00:00,27.86423,-97.04803,0.0,0.72,63.0,4.65,0.52,39.0,0.4,78.0,0.2777777777777778,211.0,16.9,True,Open-Meteo Historical Marine API,https://marine-api.open-meteo.com/v1/marine,2025-01-08,data\raw\marine\historical_cache\f7ca378902a6ff8749fc9f30583eaa1a9cc963d2ed5c7767e003e01d9b8128e1.json
367590780,2025-01-08T00:00:00+00:00,42.62891,-73.75417,0.0,,,,,,,,,,,False,Open-Meteo Historical Marine API,https://marine-api.open-meteo.com/v1/marine,2025-01-08,data\raw\marine\historical_cache\f7ca378902a6ff8749fc9f30583eaa1a9cc963d2ed5c7767e003e01d9b8128e1.json
367598950,2025-01-08T00:00:58+00:00,45.56016,-122.72846,0.0,,,,,,,,,,,False,Open-Meteo Historical Marine API,https://marine-api.open-meteo.com/v1/marine,2025-01-08,data\raw\marine\historical_cache\f7ca378902a6ff8749fc9f30583eaa1a9cc963d2ed5c7767e003e01d9b8128e1.json
367606860,2025-01-08T00:00:07+00:00,29.96654,-93.85792,0.0,0.16,27.0,2.2,0.14,19.0,0.04,138.0,,,,True,Open-Meteo Historical Marine API,https://marine-api.open-meteo.com/v1/marine,2025-01-08,data\raw\marine\historical_cache\f7ca378902a6ff8749fc9f30583eaa1a9cc963d2ed5c7767e003e01d9b8128e1.json
367615680,2025-01-08T00:00:04+00:00,29.65891,-94.97213,7.2,0.08,113.0,2.85,0.06,0.0,0.02,150.0,,,,True,Open-Meteo Historical Marine API,https://marine-api.open-meteo.com/v1/marine,2025-01-08,data\raw\marine\historical_cache\f7ca378902a6ff8749fc9f30583eaa1a9cc963d2ed5c7767e003e01d9b8128e1.json
367627450,2025-01-08T00:00:36+00:00,25.77316,-80.17566,0.1,0.44,33.0,5.85,0.1,338.0,0.4,30.0,0.05555555555555556,270.0,23.2,True,Open-Meteo Historical Marine API,https://marine-api.open-meteo.com/v1/marine,2025-01-08,data\raw\marine\historical_cache\f7ca378902a6ff8749fc9f30583eaa1a9cc963d2ed5c7767e003e01d9b8128e1.json
367637490,2025-01-08T00:00:01+00:00,29.77441,-95.078,0.0,0.08,113.0,2.85,0.06,0.0,0.02,150.0,,,,True,Open-Meteo Historical Marine API,https://marine-api.open-meteo.com/v1/marine,2025-01-08,data\raw\marine\historical_cache\f7ca378902a6ff8749fc9f30583eaa1a9cc963d2ed5c7767e003e01d9b8128e1.json
367643980,2025-01-08T00:00:02+00:00,26.11463,-80.11786,0.0,0.74,21.0,6.35,0.16,336.0,0.7,21.0,0.05555555555555556,180.0,25.1,True,Open-Meteo Historical Marine API,https://marine-api.open-meteo.com/v1/marine,2025-01-08,data\raw\marine\historical_cache\f7ca378902a6ff8749fc9f30583eaa1a9cc963d2ed5c7767e003e01d9b8128e1.json
367652000,2025-01-08T00:00:35+00:00,28.80873,-89.50846,6.9,0.8,44.0,4.45,0.58,17.0,0.42,67.0,0.25,233.0,21.6,True,Open-Meteo Historical Marine API,https://marine-api.open-meteo.com/v1/marine,2025-01-08,data\raw\marine\historical_cache\f7ca378902a6ff8749fc9f30583eaa1a9cc963d2ed5c7767e003e01d9b8128e1.json
367660160,2025-01-08T00:00:04+00:00,30.6919,-88.03722,0.1,,,,,,,,0.05555555555555556,180.0,13.7,True,Open-Meteo Historical Marine API,https://marine-api.open-meteo.com/v1/marine,2025-01-08,data\raw\marine\historical_cache\3a83ef443d5ca825e9df46c97d05b3ab272c10274f6ecc6ada5e2f1c249900d0.json
367671160,2025-01-08T00:00:06+00:00,27.84759,-97.06163,0.0,0.72,63.0,4.65,0.52,39.0,0.4,78.0,0.2777777777777778,211.0,16.9,True,Open-Meteo Historical Marine API,https://marine-api.open-meteo.com/v1/marine,2025-01-08,data\raw\marine\historical_cache\3a83ef443d5ca825e9df46c97d05b3ab272c10274f6ecc6ada5e2f1c249900d0.json
367681630,2025-01-08T00:00:03+00:00,45.64382,-122.72579,0.0,,,,,,,,,,,False,Open-Meteo Historical Marine API,https://marine-api.open-meteo.com/v1/marine,2025-01-08,data\raw\marine\historical_cache\3a83ef443d5ca825e9df46c97d05b3ab272c10274f6ecc6ada5e2f1c249900d0.json
367689970,2025-01-08T00:00:00+00:00,29.14131,-90.19671,0.0,0.42,32.0,3.5,0.36,15.0,0.18,146.0,0.08333333333333333,225.0,17.5,True,Open-Meteo Historical Marine API,https://marine-api.open-meteo.com/v1/marine,2025-01-08,data\raw\marine\historical_cache\3a83ef443d5ca825e9df46c97d05b3ab272c10274f6ecc6ada5e2f1c249900d0.json
367699340,2025-01-08T00:00:05+00:00,38.45308,-82.60349,0.0,,,,,,,,,,,False,Open-Meteo Historical Marine API,https://marine-api.open-meteo.com/v1/marine,2025-01-08,data\raw\marine\historical_cache\3a83ef443d5ca825e9df46c97d05b3ab272c10274f6ecc6ada5e2f1c249900d0.json
367702890,2025-01-08T00:00:06+00:00,38.42378,-82.59529,7.1,,,,,,,,,,,False,Open-Meteo Historical Marine API,https://marine-api.open-meteo.com/v1/marine,2025-01-08,data\raw\marine\historical_cache\3a83ef443d5ca825e9df46c97d05b3ab272c10274f6ecc6ada5e2f1c249900d0.json
367710250,2025-01-08T00:00:23+00:00,38.82831,-90.1088,0.0,,,,,,,,,,,False,Open-Meteo Historical Marine API,https://marine-api.open-meteo.com/v1/marine,2025-01-08,data\raw\marine\historical_cache\3a83ef443d5ca825e9df46c97d05b3ab272c10274f6ecc6ada5e2f1c249900d0.json
367718490,2025-01-08T00:00:07+00:00,34.73237,-90.45835,3.5,,,,,,,,,,,False,Open-Meteo Historical Marine API,https://marine-api.open-meteo.com/v1/marine,2025-01-08,data\raw\marine\historical_cache\3a83ef443d5ca825e9df46c97d05b3ab272c10274f6ecc6ada5e2f1c249900d0.json
367728240,2025-01-08T00:00:04+00:00,28.9502,-95.33695,0.0,0.58,68.0,4.8,0.26,25.0,0.44,69.0,0.11111111111111112,207.0,16.0,True,Open-Meteo Historical Marine API,https://marine-api.open-meteo.com/v1/marine,2025-01-08,data\raw\marine\historical_cache\3a83ef443d5ca825e9df46c97d05b3ab272c10274f6ecc6ada5e2f1c249900d0.json
367738490,2025-01-08T00:00:04+00:00,42.28086,-83.12668,0.0,,,,,,,,,,,False,Open-Meteo Historical Marine API,https://marine-api.open-meteo.com/v1/marine,2025-01-08,data\raw\marine\historical_cache\3a83ef443d5ca825e9df46c97d05b3ab272c10274f6ecc6ada5e2f1c249900d0.json
367747440,2025-01-08T00:02:27+00:00,29.06162,-80.916,0.4,1.28,17.0,5.95,0.98,2.0,0.76,38.0,0.16666666666666666,146.0,17.3,True,Open-Meteo Historical Marine API,https://marine-api.open-meteo.com/v1/marine,2025-01-08,data\raw\marine\historical_cache\1f0185d16c2c09441115bbc0ebf29e9e47043725f65288dc0960f351db3426a7.json
367756120,2025-01-08T00:00:00+00:00,26.77933,-80.05286,0.0,1.42,7.0,6.3,0.78,349.0,1.14,17.0,0.75,23.0,25.0,True,Open-Meteo Historical Marine API,https://marine-api.open-meteo.com/v1/marine,2025-01-08,data\raw\marine\historical_cache\1f0185d16c2c09441115bbc0ebf29e9e47043725f65288dc0960f351db3426a7.json
367765140,2025-01-08T00:00:00+00:00,28.71622,-95.97675,3.2,0.4,79.0,4.6,0.22,24.0,0.26,76.0,0.1388888888888889,225.0,16.3,True,Open-Meteo Historical Marine API,https://marine-api.open-meteo.com/v1/marine,2025-01-08,data\raw\marine\historical_cache\1f0185d16c2c09441115bbc0ebf29e9e47043725f65288dc0960f351db3426a7.json
367772180,2025-01-08T00:00:23+00:00,29.78761,-95.06859,0.0,,,,,,,,,,,False,Open-Meteo Historical Marine API,https://marine-api.open-meteo.com/v1/marine,2025-01-08,data\raw\marine\historical_cache\1f0185d16c2c09441115bbc0ebf29e9e47043725f65288dc0960f351db3426a7.json
367778460,2025-01-08T00:00:39+00:00,24.56275,-81.80303,0.0,1.04,309.0,5.05,0.72,338.0,0.6,276.0,0.5555555555555556,180.0,22.4,True,Open-Meteo Historical Marine API,https://marine-api.open-meteo.com/v1/marine,2025-01-08,data\raw\marine\historical_cache\1f0185d16c2c09441115bbc0ebf29e9e47043725f65288dc0960f351db3426a7.json
367788290,2025-01-08T00:00:39+00:00,30.13931,-89.64905,7.2,0.14,26.0,1.9,0.14,4.0,0.04,62.0,0.0,90.0,13.3,True,Open-Meteo Historical Marine API,https://marine-api.open-meteo.com/v1/marine,2025-01-08,data\raw\marine\historical_cache\1f0185d16c2c09441115bbc0ebf29e9e47043725f65288dc0960f351db3426a7.json
367798550,2025-01-08T00:00:36+00:00,28.90919,-95.36132,0.1,0.58,68.0,4.8,0.26,25.0,0.44,69.0,0.08333333333333333,225.0,16.3,True,Open-Meteo Historical Marine API,https://marine-api.open-meteo.com/v1/marine,2025-01-08,data\raw\marine\historical_cache\1f0185d16c2c09441115bbc0ebf29e9e47043725f65288dc0960f351db3426a7.json
368006890,2025-01-08T00:00:04+00:00,27.82404,-97.48938,0.1,,,,,,,,,,,False,Open-Meteo Historical Marine API,https://marine-api.open-meteo.com/v1/marine,2025-01-08,data\raw\marine\historical_cache\1f0185d16c2c09441115bbc0ebf29e9e47043725f65288dc0960f351db3426a7.json
368015870,2025-01-08T00:01:29+00:00,48.60352,-123.17204,0.0,0.04,47.0,1.65,0.02,6.0,0.02,8.0,0.11111111111111112,180.0,8.2,True,Open-Meteo Historical Marine API,https://marine-api.open-meteo.com/v1/marine,2025-01-08,data\raw\marine\historical_cache\1f0185d16c2c09441115bbc0ebf29e9e47043725f65288dc0960f351db3426a7.json
368027190,2025-01-08T00:00:01+00:00,29.74149,-95.20108,0.0,,,,,,,,,,,False,Open-Meteo Historical Marine API,https://marine-api.open-meteo.com/v1/marine,2025-01-08,data\raw\marine\historical_cache\1f0185d16c2c09441115bbc0ebf29e9e47043725f65288dc0960f351db3426a7.json
368041340,2025-01-08T00:01:31+00:00,24.56391,-81.73676,0.0,1.0,309.0,4.95,0.72,338.0,0.52,276.0,0.3055555555555556,162.0,22.7,True,Open-Meteo Historical Marine API,https://marine-api.open-meteo.com/v1/marine,2025-01-08,data\raw\marine\historical_cache\9817ba7e37d2997b7bd78282caf7c9b154b89f6727d75b7cddb87a4290c20e15.json
368051410,2025-01-08T00:00:27+00:00,48.49363,-122.68312,0.0,0.02,109.0,1.85,0.0,95.0,0.02,145.0,0.0,90.0,8.5,True,Open-Meteo Historical Marine API,https://marine-api.open-meteo.com/v1/marine,2025-01-08,data\raw\marine\historical_cache\9817ba7e37d2997b7bd78282caf7c9b154b89f6727d75b7cddb87a4290c20e15.json
368061640,2025-01-08T00:00:30+00:00,47.62859,-122.39031,0.0,0.02,170.0,2.15,0.0,170.0,0.02,170.0,,,,True,Open-Meteo Historical Marine API,https://marine-api.open-meteo.com/v1/marine,2025-01-08,data\raw\marine\historical_cache\9817ba7e37d2997b7bd78282caf7c9b154b89f6727d75b7cddb87a4290c20e15.json
368068980,2025-01-08T00:00:01+00:00,47.58984,-122.34969,0.1,0.02,170.0,2.15,0.0,170.0,0.02,170.0,,,,True,Open-Meteo Historical Marine API,https://marine-api.open-meteo.com/v1/marine,2025-01-08,data\raw\marine\historical_cache\9817ba7e37d2997b7bd78282caf7c9b154b89f6727d75b7cddb87a4290c20e15.json
368076430,2025-01-08T00:01:07+00:00,36.79551,-76.29242,0.0,0.22,319.0,2.55,0.18,303.0,0.12,339.0,0.22222222222222224,45.0,6.0,True,Open-Meteo Historical Marine API,https://marine-api.open-meteo.com/v1/marine,2025-01-08,data\raw\marine\historical_cache\9817ba7e37d2997b7bd78282caf7c9b154b89f6727d75b7cddb87a4290c20e15.json
368084630,2025-01-08T00:01:41+00:00,47.62898,-122.3939,0.0,0.02,170.0,2.15,0.0,170.0,0.02,170.0,,,,True,Open-Meteo Historical Marine API,https://marine-api.open-meteo.com/v1/marine,2025-01-08,data\raw\marine\historical_cache\9817ba7e37d2997b7bd78282caf7c9b154b89f6727d75b7cddb87a4290c20e15.json
368093970,2025-01-08T00:00:14+00:00,36.80841,-76.28602,0.0,0.22,319.0,2.55,0.18,303.0,0.12,339.0,0.22222222222222224,45.0,6.0,True,Open-Meteo Historical Marine API,https://marine-api.open-meteo.com/v1/marine,2025-01-08,data\raw\marine\historical_cache\9817ba7e37d2997b7bd78282caf7c9b154b89f6727d75b7cddb87a4290c20e15.json
368102350,2025-01-08T00:00:02+00:00,38.53919,-90.25519,0.0,,,,,,,,,,,False,Open-Meteo Historical Marine API,https://marine-api.open-meteo.com/v1/marine,2025-01-08,data\raw\marine\historical_cache\9817ba7e37d2997b7bd78282caf7c9b154b89f6727d75b7cddb87a4290c20e15.json
368111750,2025-01-08T00:00:35+00:00,27.86583,-97.04705,0.0,0.72,63.0,4.65,0.52,39.0,0.4,78.0,0.2777777777777778,211.0,16.9,True,Open-Meteo Historical Marine API,https://marine-api.open-meteo.com/v1/marine,2025-01-08,data\raw\marine\historical_cache\9817ba7e37d2997b7bd78282caf7c9b154b89f6727d75b7cddb87a4290c20e15.json
368117340,2025-01-08T00:00:34+00:00,30.29553,-87.62917,0.0,0.26,210.0,4.55,0.18,341.0,0.14,164.0,0.16666666666666666,124.0,16.1,True,Open-Meteo Historical Marine API,https://marine-api.open-meteo.com/v1/marine,2025-01-08,data\raw\marine\historical_cache\9817ba7e37d2997b7bd78282caf7c9b154b89f6727d75b7cddb87a4290c20e15.json
368126190,2025-01-08T00:00:18+00:00,37.92167,-122.40929,0.0,0.62,294.0,8.45,0.26,2.0,0.42,278.0,0.11111111111111112,27.0,12.1,True,Open-Meteo Historical Marine API,https://marine-api.open-meteo.com/v1/marine,2025-01-08,data\raw\marine\historical_cache\90894bfa4ede0230245281bc97ffcc851e6d17c7fe56b61c5c3fb26adb9ab0ac.json
368131490,2025-01-08T00:00:00+00:00,30.29355,-87.63139,0.0,0.26,210.0,4.55,0.18,341.0,0.14,164.0,0.16666666666666666,124.0,16.1,True,Open-Meteo Historical Marine API,https://marine-api.open-meteo.com/v1/marine,2025-01-08,data\raw\marine\historical_cache\90894bfa4ede0230245281bc97ffcc851e6d17c7fe56b61c5c3fb26adb9ab0ac.json
368140540,2025-01-08T00:00:03+00:00,29.76499,-95.09293,1.2,,,,,,,,,,,False,Open-Meteo Historical Marine API,https://marine-api.open-meteo.com/v1/marine,2025-01-08,data\raw\marine\historical_cache\90894bfa4ede0230245281bc97ffcc851e6d17c7fe56b61c5c3fb26adb9ab0ac.json
368148120,2025-01-08T00:00:06+00:00,41.74748,-124.18504,0.0,2.14,278.0,13.9,0.04,322.0,2.14,278.0,0.11111111111111112,153.0,11.4,True,Open-Meteo Historical Marine API,https://marine-api.open-meteo.com/v1/marine,2025-01-08,data\raw\marine\historical_cache\90894bfa4ede0230245281bc97ffcc851e6d17c7fe56b61c5c3fb26adb9ab0ac.json
368157150,2025-01-08T00:01:24+00:00,34.00117,-77.95311,0.0,0.56,325.0,5.9,0.34,329.0,0.36,180.0,0.11111111111111112,180.0,10.8,True,Open-Meteo Historical Marine API,https://marine-api.open-meteo.com/v1/marine,2025-01-08,data\raw\marine\historical_cache\90894bfa4ede0230245281bc97ffcc851e6d17c7fe56b61c5c3fb26adb9ab0ac.json
368165030,2025-01-08T00:00:01+00:00,33.72344,-118.28068,0.0,1.24,275.0,11.05,0.36,350.0,0.88,274.0,0.1388888888888889,180.0,14.5,True,Open-Meteo Historical Marine API,https://marine-api.open-meteo.com/v1/marine,2025-01-08,data\raw\marine\historical_cache\90894bfa4ede0230245281bc97ffcc851e6d17c7fe56b61c5c3fb26adb9ab0ac.json
368172160,2025-01-08T00:00:27+00:00,32.72654,-117.19875,0.0,1.48,271.0,11.05,0.08,289.0,0.9,270.0,0.11111111111111112,180.0,14.3,True,Open-Meteo Historical Marine API,https://marine-api.open-meteo.com/v1/marine,2025-01-08,data\raw\marine\historical_cache\90894bfa4ede0230245281bc97ffcc851e6d17c7fe56b61c5c3fb26adb9ab0ac.json
368180820,2025-01-08T00:00:35+00:00,29.61445,-95.00697,0.0,0.08,113.0,2.85,0.06,0.0,0.02,150.0,,,,True,Open-Meteo Historical Marine API,https://marine-api.open-meteo.com/v1/marine,2025-01-08,data\raw\marine\historical_cache\90894bfa4ede0230245281bc97ffcc851e6d17c7fe56b61c5c3fb26adb9ab0ac.json
368189130,2025-01-08T00:01:24+00:00,47.65005,-122.3137,0.0,0.02,170.0,2.15,0.0,170.0,0.02,170.0,,,,True,Open-Meteo Historical Marine API,https://marine-api.open-meteo.com/v1/marine,2025-01-08,data\raw\marine\historical_cache\90894bfa4ede0230245281bc97ffcc851e6d17c7fe56b61c5c3fb26adb9ab0ac.json
368201570,2025-01-08T00:01:00+00:00,29.34857,-94.81945,0.1,0.48,47.0,3.55,0.38,25.0,0.24,79.0,0.11111111111111112,207.0,15.1,True,Open-Meteo Historical Marine API,https://marine-api.open-meteo.com/v1/marine,2025-01-08,data\raw\marine\historical_cache\90894bfa4ede0230245281bc97ffcc851e6d17c7fe56b61c5c3fb26adb9ab0ac.json
368209880,2025-01-08T00:00:01+00:00,29.77366,-93.34142,0.0,0.26,24.0,2.9,0.24,18.0,0.08,161.0,0.08333333333333333,225.0,14.9,True,Open-Meteo Historical Marine API,https://marine-api.open-meteo.com/v1/marine,2025-01-08,data\raw\marine\historical_cache\832db4e8c5275b4db56bc6af4b74d3b389268465bf9a16d0b4f862d8ae86cad9.json
368220840,2025-01-08T00:01:06+00:00,24.56235,-81.80019,0.0,1.04,309.0,5.05,0.72,338.0,0.6,276.0,0.5555555555555556,180.0,22.4,True,Open-Meteo Historical Marine API,https://marine-api.open-meteo.com/v1/marine,2025-01-08,data\raw\marine\historical_cache\832db4e8c5275b4db56bc6af4b74d3b389268465bf9a16d0b4f862d8ae86cad9.json
368230000,2025-01-08T00:00:06+00:00,29.31469,-94.79393,0.0,0.48,47.0,3.55,0.38,25.0,0.24,79.0,0.1388888888888889,225.0,15.4,True,Open-Meteo Historical Marine API,https://marine-api.open-meteo.com/v1/marine,2025-01-08,data\raw\marine\historical_cache\832db4e8c5275b4db56bc6af4b74d3b389268465bf9a16d0b4f862d8ae86cad9.json
368237220,2025-01-08T00:00:06+00:00,38.5389,-90.25115,0.0,,,,,,,,,,,False,Open-Meteo Historical Marine API,https://marine-api.open-meteo.com/v1/marine,2025-01-08,data\raw\marine\historical_cache\832db4e8c5275b4db56bc6af4b74d3b389268465bf9a16d0b4f862d8ae86cad9.json
368244910,2025-01-08T00:00:07+00:00,30.75812,-88.04943,0.0,,,,,,,,0.05555555555555556,180.0,13.7,True,Open-Meteo Historical Marine API,https://marine-api.open-meteo.com/v1/marine,2025-01-08,data\raw\marine\historical_cache\832db4e8c5275b4db56bc6af4b74d3b389268465bf9a16d0b4f862d8ae86cad9.json
368253850,2025-01-08T00:00:18+00:00,26.7856,-80.04,0.7,1.42,7.0,6.3,0.78,349.0,1.14,17.0,0.75,23.0,25.0,True,Open-Meteo Historical Marine API,https://marine-api.open-meteo.com/v1/marine,2025-01-08,data\raw\marine\historical_cache\832db4e8c5275b4db56bc6af4b74d3b389268465bf9a16d0b4f862d8ae86cad9.json
368263020,2025-01-08T00:00:36+00:00,28.88278,-95.42427,0.0,0.56,84.0,4.95,0.22,23.0,0.42,72.0,0.08333333333333333,225.0,16.0,True,Open-Meteo Historical Marine API,https://marine-api.open-meteo.com/v1/marine,2025-01-08,data\raw\marine\historical_cache\832db4e8c5275b4db56bc6af4b74d3b389268465bf9a16d0b4f862d8ae86cad9.json
368273720,2025-01-08T00:00:26+00:00,34.71122,-76.64338,0.0,0.74,222.0,6.25,0.48,319.0,0.52,188.0,0.11111111111111112,207.0,11.4,True,Open-Meteo Historical Marine API,https://marine-api.open-meteo.com/v1/marine,2025-01-08,data\raw\marine\historical_cache\832db4e8c5275b4db56bc6af4b74d3b389268465bf9a16d0b4f862d8ae86cad9.json
368281470,2025-01-08T00:00:01+00:00,47.28102,-122.40122,1.8,,233.0,,,235.0,,232.0,,,,True,Open-Meteo Historical Marine API,https://marine-api.open-meteo.com/v1/marine,2025-01-08,data\raw\marine\historical_cache\832db4e8c5275b4db56bc6af4b74d3b389268465bf9a16d0b4f862d8ae86cad9.json
368288820,2025-01-08T00:00:05+00:00,30.49177,-81.30877,8.6,0.88,36.0,6.1,0.24,359.0,0.8,37.0,0.19444444444444442,180.0,15.5,True,Open-Meteo Historical Marine API,https://marine-api.open-meteo.com/v1/marine,2025-01-08,data\raw\marine\historical_cache\832db4e8c5275b4db56bc6af4b74d3b389268465bf9a16d0b4f862d8ae86cad9.json
368298180,2025-01-08T00:01:19+00:00,29.54973,-95.02736,0.0,0.08,113.0,2.85,0.06,0.0,0.02,150.0,,,,True,Open-Meteo Historical Marine API,https://marine-api.open-meteo.com/v1/marine,2025-01-08,data\raw\marine\historical_cache\cb6b887cc0922b3229086ef6a19715242698ddae8f53adcb8a34065ed4eda0ed.json
368309830,2025-01-08T00:00:56+00:00,48.75467,-122.5039,0.0,0.02,31.0,1.75,0.0,20.0,0.02,29.0,0.0,90.0,7.8,True,Open-Meteo Historical Marine API,https://marine-api.open-meteo.com/v1/marine,2025-01-08,data\raw\marine\historical_cache\cb6b887cc0922b3229086ef6a19715242698ddae8f53adcb8a34065ed4eda0ed.json
368317880,2025-01-08T00:00:02+00:00,24.65415,-81.84845,10.2,0.96,320.0,5.0,0.7,340.0,0.62,291.0,0.75,188.0,21.4,True,Open-Meteo Historical Marine API,https://marine-api.open-meteo.com/v1/marine,2025-01-08,data\raw\marine\historical_cache\cb6b887cc0922b3229086ef6a19715242698ddae8f53adcb8a34065ed4eda0ed.json
368328620,2025-01-08T00:00:07+00:00,30.78356,-91.54801,4.0,,,,,,,,,,,False,Open-Meteo Historical Marine API,https://marine-api.open-meteo.com/v1/marine,2025-01-08,data\raw\marine\historical_cache\cb6b887cc0922b3229086ef6a19715242698ddae8f53adcb8a34065ed4eda0ed.json
368337080,2025-01-08T00:01:44+00:00,30.67517,-81.46739,0.0,0.94,38.0,6.1,0.18,341.0,0.84,36.0,0.11111111111111112,180.0,14.3,True,Open-Meteo Historical Marine API,https://marine-api.open-meteo.com/v1/marine,2025-01-08,data\raw\marine\historical_cache\cb6b887cc0922b3229086ef6a19715242698ddae8f53adcb8a34065ed4eda0ed.json
368344610,2025-01-08T00:00:07+00:00,41.61254,-71.40892,0.0,0.44,290.0,4.5,0.38,309.0,0.2,179.0,0.11111111111111112,63.0,7.2,True,Open-Meteo Historical Marine API,https://marine-api.open-meteo.com/v1/marine,2025-01-08,data\raw\marine\historical_cache\cb6b887cc0922b3229086ef6a19715242698ddae8f53adcb8a34065ed4eda0ed.json
368351390,2025-01-08T00:00:02+00:00,42.35353,-71.04311,0.0,0.8,316.0,3.5,0.78,314.0,0.12,19.0,0.22222222222222224,117.0,3.5,True,Open-Meteo Historical Marine API,https://marine-api.open-meteo.com/v1/marine,2025-01-08,data\raw\marine\historical_cache\cb6b887cc0922b3229086ef6a19715242698ddae8f53adcb8a34065ed4eda0ed.json
368359850,2025-01-08T00:01:12+00:00,40.64292,-80.47741,0.4,,,,,,,,,,,False,Open-Meteo Historical Marine API,https://marine-api.open-meteo.com/v1/marine,2025-01-08,data\raw\marine\historical_cache\cb6b887cc0922b3229086ef6a19715242698ddae8f53adcb8a34065ed4eda0ed.json
368372940,2025-01-08T00:00:46+00:00,26.13949,-80.10993,0.0,0.74,21.0,6.35,0.16,336.0,0.7,21.0,0.05555555555555556,180.0,25.1,True,Open-Meteo Historical Marine API,https://marine-api.open-meteo.com/v1/marine,2025-01-08,data\raw\marine\historical_cache\cb6b887cc0922b3229086ef6a19715242698ddae8f53adcb8a34065ed4eda0ed.json
368382480,2025-01-08T00:00:01+00:00,29.69958,-91.21417,0.0,0.1,325.0,2.65,0.08,358.0,0.04,328.0,0.05555555555555556,270.0,15.2,True,Open-Meteo Historical Marine API,https://marine-api.open-meteo.com/v1/marine,2025-01-08,data\raw\marine\historical_cache\cb6b887cc0922b3229086ef6a19715242698ddae8f53adcb8a34065ed4eda0ed.json
368394980,2025-01-08T00:01:33+00:00,47.65513,-122.20728,0.0,0.02,170.0,2.15,0.0,170.0,0.02,170.0,,,,True,Open-Meteo Historical Marine API,https://marine-api.open-meteo.com/v1/marine,2025-01-08,data\raw\marine\historical_cache\064b23bd4fda8dc659e427c1407591919e3b619797731dd4f3600aa7d784c3d2.json
368611000,2025-01-08T00:00:22+00:00,29.32457,-94.77824,9.2,0.48,47.0,3.55,0.38,25.0,0.24,79.0,0.1388888888888889,225.0,15.4,True,Open-Meteo Historical Marine API,https://marine-api.open-meteo.com/v1/marine,2025-01-08,data\raw\marine\historical_cache\064b23bd4fda8dc659e427c1407591919e3b619797731dd4f3600aa7d784c3d2.json
369098000,2025-01-08T00:00:01+00:00,29.30763,-94.81108,0.0,0.48,47.0,3.55,0.38,25.0,0.24,79.0,0.1388888888888889,225.0,15.4,True,Open-Meteo Historical Marine API,https://marine-api.open-meteo.com/v1/marine,2025-01-08,data\raw\marine\historical_cache\064b23bd4fda8dc659e427c1407591919e3b619797731dd4f3600aa7d784c3d2.json
369493300,2025-01-08T00:00:16+00:00,46.28154,-124.04668,0.0,1.84,271.0,14.25,0.14,107.0,1.82,274.0,0.05555555555555556,180.0,9.8,True,Open-Meteo Historical Marine API,https://marine-api.open-meteo.com/v1/marine,2025-01-08,data\raw\marine\historical_cache\064b23bd4fda8dc659e427c1407591919e3b619797731dd4f3600aa7d784c3d2.json
369812000,2025-01-08T00:00:26+00:00,41.66454,-87.58344,0.0,,,,,,,,,,,False,Open-Meteo Historical Marine API,https://marine-api.open-meteo.com/v1/marine,2025-01-08,data\raw\marine\historical_cache\064b23bd4fda8dc659e427c1407591919e3b619797731dd4f3600aa7d784c3d2.json
369992000,2025-01-08T00:00:58+00:00,46.77974,-92.09801,0.0,,,,,,,,,,,False,Open-Meteo Historical Marine API,https://marine-api.open-meteo.com/v1/marine,2025-01-08,data\raw\marine\historical_cache\064b23bd4fda8dc659e427c1407591919e3b619797731dd4f3600aa7d784c3d2.json
374058000,2025-01-08T00:00:55+00:00,49.28207,-123.19565,0.1,0.04,176.0,1.9,0.02,111.0,0.04,189.0,0.0,90.0,7.5,True,Open-Meteo Historical Marine API,https://marine-api.open-meteo.com/v1/marine,2025-01-08,data\raw\marine\historical_cache\064b23bd4fda8dc659e427c1407591919e3b619797731dd4f3600aa7d784c3d2.json
403660000,2025-01-08T00:00:40+00:00,29.35182,-94.74132,0.0,0.42,47.0,3.35,0.36,25.0,0.2,79.0,0.11111111111111112,207.0,15.1,True,Open-Meteo Historical Marine API,https://marine-api.open-meteo.com/v1/marine,2025-01-08,data\raw\marine\historical_cache\064b23bd4fda8dc659e427c1407591919e3b619797731dd4f3600aa7d784c3d2.json
477142100,2025-01-08T00:00:34+00:00,27.69025,-96.34977,1.5,1.3,59.0,5.3,1.04,42.0,0.52,87.0,0.16666666666666666,214.0,21.9,True,Open-Meteo Historical Marine API,https://marine-api.open-meteo.com/v1/marine,2025-01-08,data\raw\marine\historical_cache\064b23bd4fda8dc659e427c1407591919e3b619797731dd4f3600aa7d784c3d2.json
477991446,2025-01-08T00:00:43+00:00,26.08577,-80.1839,0.0,0.74,21.0,6.35,0.16,336.0,0.7,21.0,0.05555555555555556,180.0,25.1,True,Open-Meteo Historical Marine API,https://marine-api.open-meteo.com/v1/marine,2025-01-08,data\raw\marine\historical_cache\064b23bd4fda8dc659e427c1407591919e3b619797731dd4f3600aa7d784c3d2.json
538006053,2025-01-08T00:00:04+00:00,37.1722,-123.41077,0.8,2.74,293.0,12.65,1.06,338.0,2.4,285.0,0.3055555555555556,171.0,13.0,True,Open-Meteo Historical Marine API,https://marine-api.open-meteo.com/v1/marine,2025-01-08,data\raw\marine\historical_cache\ae420b6b45265f7195de768b335f48e235101cb51bc3b6eec31395b097d3fa5c.json
538008883,2025-01-08T00:00:06+00:00,48.72711,-123.5524,0.0,0.02,77.0,2.15,0.0,116.0,0.02,64.0,0.05555555555555556,90.0,7.5,True,Open-Meteo Historical Marine API,https://marine-api.open-meteo.com/v1/marine,2025-01-08,data\raw\marine\historical_cache\ae420b6b45265f7195de768b335f48e235101cb51bc3b6eec31395b097d3fa5c.json
538011237,2025-01-08T00:00:08+00:00,23.0785,-79.494,12.9,1.04,340.0,4.5,0.82,337.0,0.44,8.0,0.1388888888888889,180.0,25.5,True,Open-Meteo Historical Marine API,https://marine-api.open-meteo.com/v1/marine,2025-01-08,data\raw\marine\historical_cache\ae420b6b45265f7195de768b335f48e235101cb51bc3b6eec31395b097d3fa5c.json
538072131,2025-01-08T00:00:07+00:00,18.33737,-64.92299,0.0,1.28,68.0,7.8,0.34,85.0,1.0,99.0,0.1388888888888889,270.0,27.6,True,Open-Meteo Historical Marine API,https://marine-api.open-meteo.com/v1/marine,2025-01-08,data\raw\marine\historical_cache\ae420b6b45265f7195de768b335f48e235101cb51bc3b6eec31395b097d3fa5c.json
563161200,2025-01-08T00:00:01+00:00,35.18665,-121.74205,18.2,2.66,295.0,12.1,0.14,333.0,1.98,289.0,0.22222222222222224,135.0,13.9,True,Open-Meteo Historical Marine API,https://marine-api.open-meteo.com/v1/marine,2025-01-08,data\raw\marine\historical_cache\ae420b6b45265f7195de768b335f48e235101cb51bc3b6eec31395b097d3fa5c.json
566539000,2025-01-08T00:00:07+00:00,48.13111,-123.43525,0.0,0.26,282.0,14.65,0.0,34.0,0.24,281.0,0.1388888888888889,90.0,8.6,True,Open-Meteo Historical Marine API,https://marine-api.open-meteo.com/v1/marine,2025-01-08,data\raw\marine\historical_cache\ae420b6b45265f7195de768b335f48e235101cb51bc3b6eec31395b097d3fa5c.json
636016658,2025-01-08T00:00:06+00:00,21.67603,-158.79744,2.2,2.8,292.0,10.9,1.34,205.0,2.04,324.0,0.4722222222222222,49.0,25.8,True,Open-Meteo Historical Marine API,https://marine-api.open-meteo.com/v1/marine,2025-01-08,data\raw\marine\historical_cache\ae420b6b45265f7195de768b335f48e235101cb51bc3b6eec31395b097d3fa5c.json
636020363,2025-01-08T00:00:03+00:00,30.08556,-88.37731,0.9,0.5,17.0,3.55,0.42,3.0,0.2,162.0,0.25,169.0,16.9,True,Open-Meteo Historical Marine API,https://marine-api.open-meteo.com/v1/marine,2025-01-08,data\raw\marine\historical_cache\ae420b6b45265f7195de768b335f48e235101cb51bc3b6eec31395b097d3fa5c.json
636023250,2025-01-08T00:00:06+00:00,37.79763,-122.32758,3.4,0.58,320.0,8.1,0.24,0.0,0.44,278.0,0.22222222222222224,153.0,12.5,True,Open-Meteo Historical Marine API,https://marine-api.open-meteo.com/v1/marine,2025-01-08,data\raw\marine\historical_cache\ae420b6b45265f7195de768b335f48e235101cb51bc3b6eec31395b097d3fa5c.json
983192222,2025-01-08T00:00:19+00:00,26.70444,-80.04613,0.0,1.36,9.0,6.3,0.68,347.0,1.12,16.0,0.6666666666666666,9.0,25.0,True,Open-Meteo Historical Marine API,https://marine-api.open-meteo.com/v1/marine,2025-01-08,data\raw\marine\historical_cache\ae420b6b45265f7195de768b335f48e235101cb51bc3b6eec31395b097d3fa5c.json
