seed,optimizer,iteration,best_objective
11,differential_evolution,1.0,0.5645479231588952
11,differential_evolution,2.0,0.5645479231588952
11,differential_evolution,3.0,0.5645479231588952
11,differential_evolution,4.0,0.5645479231588952
11,differential_evolution,5.0,0.5645479231588952
11,differential_evolution,6.0,0.5645479231588952
11,differential_evolution,7.0,0.5645479231588952
11,differential_evolution,8.0,0.5645479231588952
11,differential_evolution,9.0,0.5645479231588952
11,differential_evolution,10.0,0.5645479231588952
11,differential_evolution,11.0,0.5645479231588952
11,differential_evolution,12.0,0.5645479231588952
11,differential_evolution,13.0,0.5645479231588952
11,differential_evolution,14.0,0.5645479231588952
11,differential_evolution,15.0,0.5645479231588952
11,differential_evolution,16.0,0.5645479231588952
11,differential_evolution,17.0,0.5645479231588952
11,differential_evolution,18.0,0.5645479231588952
11,differential_evolution,19.0,0.5645479231588952
11,differential_evolution,20.0,0.5645479231588952
11,differential_evolution,21.0,0.5645479231588952
11,differential_evolution,22.0,0.5645479231588952
11,differential_evolution,23.0,0.5645479231588952
11,differential_evolution,24.0,0.5645479231588952
11,differential_evolution,25.0,0.5645479231588952
11,differential_evolution,26.0,0.5645479231588952
11,differential_evolution,27.0,0.5645479231588952
11,differential_evolution,28.0,0.5645479231588952
11,differential_evolution,29.0,0.5645479231588952
11,differential_evolution,30.0,0.5645479231588952
11,differential_evolution,31.0,0.5645479231588952
11,differential_evolution,32.0,0.5645479231588952
11,differential_evolution,33.0,0.5645479231588952
11,differential_evolution,34.0,0.5645479231588952
11,differential_evolution,35.0,0.5645479231588952
11,differential_evolution,36.0,0.5645479231588952
11,differential_evolution,37.0,0.5645479231588952
11,differential_evolution,38.0,0.5645479231588952
11,differential_evolution,39.0,0.5645479231588952
11,differential_evolution,40.0,0.5645479231588952
11,differential_evolution,41.0,0.5645479231588952
11,differential_evolution,42.0,0.5645479231588952
11,differential_evolution,43.0,0.5645479231588952
11,differential_evolution,44.0,0.5645479231588952
11,differential_evolution,45.0,0.5645479231588952
11,differential_evolution,46.0,0.5645479231588952
11,differential_evolution,47.0,0.5645479231588952
11,differential_evolution,48.0,0.5645479231588952
11,differential_evolution,49.0,0.5645479231588952
11,differential_evolution,50.0,0.5645479231588952
11,qpso,1.0,0.5645479231588952
11,qpso,2.0,0.5645479231588952
11,qpso,3.0,0.5645479231588952
11,qpso,4.0,0.5645479231588952
11,qpso,5.0,0.5645479231588952
11,qpso,6.0,0.5645479231588952
11,qpso,7.0,0.5645479231588952
11,qpso,8.0,0.5645479231588952
11,qpso,9.0,0.5645479231588952
11,qpso,10.0,0.5645479231588952
11,qpso,11.0,0.5645479231588952
11,qpso,12.0,0.5645479231588952
11,qpso,13.0,0.5645479231588952
11,qpso,14.0,0.5645479231588952
11,qpso,15.0,0.5645479231588952
11,qpso,16.0,0.5645479231588952
11,qpso,17.0,0.5645479231588952
11,qpso,18.0,0.5645479231588952
11,qpso,19.0,0.5645479231588952
11,qpso,20.0,0.5645479231588952
11,qpso,21.0,0.5645479231588952
11,qpso,22.0,0.5645479231588952
11,qpso,23.0,0.5645479231588952
11,qpso,24.0,0.5645479231588952
11,qpso,25.0,0.5645479231588952
11,qpso,26.0,0.5645479231588952
11,qpso,27.0,0.5645479231588952
11,qpso,28.0,0.5645479231588952
11,qpso,29.0,0.5645479231588952
11,qpso,30.0,0.5645479231588952
11,qpso,31.0,0.5645479231588952
11,qpso,32.0,0.5645479231588952
11,qpso,33.0,0.5645479231588952
11,qpso,34.0,0.5645479231588952
11,qpso,35.0,0.5645479231588952
11,qpso,36.0,0.5645479231588952
11,qpso,37.0,0.5645479231588952
11,qpso,38.0,0.5645479231588952
11,qpso,39.0,0.5645479231588952
11,qpso,40.0,0.5645479231588952
11,qpso,41.0,0.5645479231588952
11,qpso,42.0,0.5645479231588952
11,qpso,43.0,0.5645479231588952
11,qpso,44.0,0.5645479231588952
11,qpso,45.0,0.5645479231588952
11,qpso,46.0,0.5645479231588952
11,qpso,47.0,0.5645479231588952
11,qpso,48.0,0.5645479231588952
11,qpso,49.0,0.5645479231588952
11,qpso,50.0,0.5645479231588952
22,differential_evolution,1.0,0.5645479231588952
22,differential_evolution,2.0,0.5645479231588952
22,differential_evolution,3.0,0.5645479231588952
22,differential_evolution,4.0,0.5645479231588952
22,differential_evolution,5.0,0.5645479231588952
22,differential_evolution,6.0,0.5645479231588952
22,differential_evolution,7.0,0.5645479231588952
22,differential_evolution,8.0,0.5645479231588952
22,differential_evolution,9.0,0.5645479231588952
22,differential_evolution,10.0,0.5645479231588952
22,differential_evolution,11.0,0.5645479231588952
22,differential_evolution,12.0,0.5645479231588952
22,differential_evolution,13.0,0.5645479231588952
22,differential_evolution,14.0,0.5645479231588952
22,differential_evolution,15.0,0.5645479231588952
22,differential_evolution,16.0,0.5645479231588952
22,differential_evolution,17.0,0.5645479231588952
22,differential_evolution,18.0,0.5645479231588952
22,differential_evolution,19.0,0.5645479231588952
22,differential_evolution,20.0,0.5645479231588952
22,differential_evolution,21.0,0.5645479231588952
22,differential_evolution,22.0,0.5645479231588952
22,differential_evolution,23.0,0.5645479231588952
22,differential_evolution,24.0,0.5645479231588952
22,differential_evolution,25.0,0.5645479231588952
22,differential_evolution,26.0,0.5645479231588952
22,differential_evolution,27.0,0.5645479231588952
22,differential_evolution,28.0,0.5645479231588952
22,differential_evolution,29.0,0.5645479231588952
22,differential_evolution,30.0,0.5645479231588952
22,differential_evolution,31.0,0.5645479231588952
22,differential_evolution,32.0,0.5645479231588952
22,differential_evolution,33.0,0.5645479231588952
22,differential_evolution,34.0,0.5645479231588952
22,differential_evolution,35.0,0.5645479231588952
22,differential_evolution,36.0,0.5645479231588952
22,differential_evolution,37.0,0.5645479231588952
22,differential_evolution,38.0,0.5645479231588952
22,differential_evolution,39.0,0.5645479231588952
22,differential_evolution,40.0,0.5645479231588952
22,differential_evolution,41.0,0.5645479231588952
22,differential_evolution,42.0,0.5645479231588952
22,differential_evolution,43.0,0.5645479231588952
22,differential_evolution,44.0,0.5645479231588952
22,differential_evolution,45.0,0.5645479231588952
22,differential_evolution,46.0,0.5645479231588952
22,differential_evolution,47.0,0.5645479231588952
22,differential_evolution,48.0,0.5645479231588952
22,differential_evolution,49.0,0.5645479231588952
22,differential_evolution,50.0,0.5645479231588952
22,qpso,1.0,0.5645479231588952
22,qpso,2.0,0.5645479231588952
22,qpso,3.0,0.5645479231588952
22,qpso,4.0,0.5645479231588952
22,qpso,5.0,0.5645479231588952
22,qpso,6.0,0.5645479231588952
22,qpso,7.0,0.5645479231588952
22,qpso,8.0,0.5645479231588952
22,qpso,9.0,0.5645479231588952
22,qpso,10.0,0.5645479231588952
22,qpso,11.0,0.5645479231588952
22,qpso,12.0,0.5645479231588952
22,qpso,13.0,0.5645479231588952
22,qpso,14.0,0.5645479231588952
22,qpso,15.0,0.5645479231588952
22,qpso,16.0,0.5645479231588952
22,qpso,17.0,0.5645479231588952
22,qpso,18.0,0.5645479231588952
22,qpso,19.0,0.5645479231588952
22,qpso,20.0,0.5645479231588952
22,qpso,21.0,0.5645479231588952
22,qpso,22.0,0.5645479231588952
22,qpso,23.0,0.5645479231588952
22,qpso,24.0,0.5645479231588952
22,qpso,25.0,0.5645479231588952
22,qpso,26.0,0.5645479231588952
22,qpso,27.0,0.5645479231588952
22,qpso,28.0,0.5645479231588952
22,qpso,29.0,0.5645479231588952
22,qpso,30.0,0.5645479231588952
22,qpso,31.0,0.5645479231588952
22,qpso,32.0,0.5645479231588952
22,qpso,33.0,0.5645479231588952
22,qpso,34.0,0.5645479231588952
22,qpso,35.0,0.5645479231588952
22,qpso,36.0,0.5645479231588952
22,qpso,37.0,0.5645479231588952
22,qpso,38.0,0.5645479231588952
22,qpso,39.0,0.5645479231588952
22,qpso,40.0,0.5645479231588952
22,qpso,41.0,0.5645479231588952
22,qpso,42.0,0.5645479231588952
22,qpso,43.0,0.5645479231588952
22,qpso,44.0,0.5645479231588952
22,qpso,45.0,0.5645479231588952
22,qpso,46.0,0.5645479231588952
22,qpso,47.0,0.5645479231588952
22,qpso,48.0,0.5645479231588952
22,qpso,49.0,0.5645479231588952
22,qpso,50.0,0.5645479231588952
33,differential_evolution,1.0,0.5645479231588952
33,differential_evolution,2.0,0.5645479231588952
33,differential_evolution,3.0,0.5645479231588952
33,differential_evolution,4.0,0.5645479231588952
33,differential_evolution,5.0,0.5645479231588952
33,differential_evolution,6.0,0.5645479231588952
33,differential_evolution,7.0,0.5645479231588952
33,differential_evolution,8.0,0.5645479231588952
33,differential_evolution,9.0,0.5645479231588952
33,differential_evolution,10.0,0.5645479231588952
33,differential_evolution,11.0,0.5645479231588952
33,differential_evolution,12.0,0.5645479231588952
33,differential_evolution,13.0,0.5645479231588952
33,differential_evolution,14.0,0.5645479231588952
33,differential_evolution,15.0,0.5645479231588952
33,differential_evolution,16.0,0.5645479231588952
33,differential_evolution,17.0,0.5645479231588952
33,differential_evolution,18.0,0.5645479231588952
33,differential_evolution,19.0,0.5645479231588952
33,differential_evolution,20.0,0.5645479231588952
33,differential_evolution,21.0,0.5645479231588952
33,differential_evolution,22.0,0.5645479231588952
33,differential_evolution,23.0,0.5645479231588952
33,differential_evolution,24.0,0.5645479231588952
33,differential_evolution,25.0,0.5645479231588952
33,differential_evolution,26.0,0.5645479231588952
33,differential_evolution,27.0,0.5645479231588952
33,differential_evolution,28.0,0.5645479231588952
33,differential_evolution,29.0,0.5645479231588952
33,differential_evolution,30.0,0.5645479231588952
33,differential_evolution,31.0,0.5645479231588952
33,differential_evolution,32.0,0.5645479231588952
33,differential_evolution,33.0,0.5645479231588952
33,differential_evolution,34.0,0.5645479231588952
33,differential_evolution,35.0,0.5645479231588952
33,differential_evolution,36.0,0.5645479231588952
33,differential_evolution,37.0,0.5645479231588952
33,differential_evolution,38.0,0.5645479231588952
33,differential_evolution,39.0,0.5645479231588952
33,differential_evolution,40.0,0.5645479231588952
33,differential_evolution,41.0,0.5645479231588952
33,differential_evolution,42.0,0.5645479231588952
33,differential_evolution,43.0,0.5645479231588952
33,differential_evolution,44.0,0.5645479231588952
33,differential_evolution,45.0,0.5645479231588952
33,differential_evolution,46.0,0.5645479231588952
33,differential_evolution,47.0,0.5645479231588952
33,differential_evolution,48.0,0.5645479231588952
33,differential_evolution,49.0,0.5645479231588952
33,differential_evolution,50.0,0.5645479231588952
33,qpso,1.0,0.5645479231588952
33,qpso,2.0,0.5645479231588952
33,qpso,3.0,0.5645479231588952
33,qpso,4.0,0.5645479231588952
33,qpso,5.0,0.5645479231588952
33,qpso,6.0,0.5645479231588952
33,qpso,7.0,0.5645479231588952
33,qpso,8.0,0.5645479231588952
33,qpso,9.0,0.5645479231588952
33,qpso,10.0,0.5645479231588952
33,qpso,11.0,0.5645479231588952
33,qpso,12.0,0.5645479231588952
33,qpso,13.0,0.5645479231588952
33,qpso,14.0,0.5645479231588952
33,qpso,15.0,0.5645479231588952
33,qpso,16.0,0.5645479231588952
33,qpso,17.0,0.5645479231588952
33,qpso,18.0,0.5645479231588952
33,qpso,19.0,0.5645479231588952
33,qpso,20.0,0.5645479231588952
33,qpso,21.0,0.5645479231588952
33,qpso,22.0,0.5645479231588952
33,qpso,23.0,0.5645479231588952
33,qpso,24.0,0.5645479231588952
33,qpso,25.0,0.5645479231588952
33,qpso,26.0,0.5645479231588952
33,qpso,27.0,0.5645479231588952
33,qpso,28.0,0.5645479231588952
33,qpso,29.0,0.5645479231588952
33,qpso,30.0,0.5645479231588952
33,qpso,31.0,0.5645479231588952
33,qpso,32.0,0.5645479231588952
33,qpso,33.0,0.5645479231588952
33,qpso,34.0,0.5645479231588952
33,qpso,35.0,0.5645479231588952
33,qpso,36.0,0.5645479231588952
33,qpso,37.0,0.5645479231588952
33,qpso,38.0,0.5645479231588952
33,qpso,39.0,0.5645479231588952
33,qpso,40.0,0.5645479231588952
33,qpso,41.0,0.5645479231588952
33,qpso,42.0,0.5645479231588952
33,qpso,43.0,0.5645479231588952
33,qpso,44.0,0.5645479231588952
33,qpso,45.0,0.5645479231588952
33,qpso,46.0,0.5645479231588952
33,qpso,47.0,0.5645479231588952
33,qpso,48.0,0.5645479231588952
33,qpso,49.0,0.5645479231588952
33,qpso,50.0,0.5645479231588952
44,differential_evolution,1.0,0.5645479231588952
44,differential_evolution,2.0,0.5645479231588952
44,differential_evolution,3.0,0.5645479231588952
44,differential_evolution,4.0,0.5645479231588952
44,differential_evolution,5.0,0.5645479231588952
44,differential_evolution,6.0,0.5645479231588952
44,differential_evolution,7.0,0.5645479231588952
44,differential_evolution,8.0,0.5645479231588952
44,differential_evolution,9.0,0.5645479231588952
44,differential_evolution,10.0,0.5645479231588952
44,differential_evolution,11.0,0.5645479231588952
44,differential_evolution,12.0,0.5645479231588952
44,differential_evolution,13.0,0.5645479231588952
44,differential_evolution,14.0,0.5645479231588952
44,differential_evolution,15.0,0.5645479231588952
44,differential_evolution,16.0,0.5645479231588952
44,differential_evolution,17.0,0.5645479231588952
44,differential_evolution,18.0,0.5645479231588952
44,differential_evolution,19.0,0.5645479231588952
44,differential_evolution,20.0,0.5645479231588952
44,differential_evolution,21.0,0.5645479231588952
44,differential_evolution,22.0,0.5645479231588952
44,differential_evolution,23.0,0.5645479231588952
44,differential_evolution,24.0,0.5645479231588952
44,differential_evolution,25.0,0.5645479231588952
44,differential_evolution,26.0,0.5645479231588952
44,differential_evolution,27.0,0.5645479231588952
44,differential_evolution,28.0,0.5645479231588952
44,differential_evolution,29.0,0.5645479231588952
44,differential_evolution,30.0,0.5645479231588952
44,differential_evolution,31.0,0.5645479231588952
44,differential_evolution,32.0,0.5645479231588952
44,differential_evolution,33.0,0.5645479231588952
44,differential_evolution,34.0,0.5645479231588952
44,differential_evolution,35.0,0.5645479231588952
44,differential_evolution,36.0,0.5645479231588952
44,differential_evolution,37.0,0.5645479231588952
44,differential_evolution,38.0,0.5645479231588952
44,differential_evolution,39.0,0.5645479231588952
44,differential_evolution,40.0,0.5645479231588952
44,differential_evolution,41.0,0.5645479231588952
44,differential_evolution,42.0,0.5645479231588952
44,differential_evolution,43.0,0.5645479231588952
44,differential_evolution,44.0,0.5645479231588952
44,differential_evolution,45.0,0.5645479231588952
44,differential_evolution,46.0,0.5645479231588952
44,differential_evolution,47.0,0.5645479231588952
44,differential_evolution,48.0,0.5645479231588952
44,differential_evolution,49.0,0.5645479231588952
44,differential_evolution,50.0,0.5645479231588952
44,qpso,1.0,0.5645479231588952
44,qpso,2.0,0.5645479231588952
44,qpso,3.0,0.5645479231588952
44,qpso,4.0,0.5645479231588952
44,qpso,5.0,0.5645479231588952
44,qpso,6.0,0.5645479231588952
44,qpso,7.0,0.5645479231588952
44,qpso,8.0,0.5645479231588952
44,qpso,9.0,0.5645479231588952
44,qpso,10.0,0.5645479231588952
44,qpso,11.0,0.5645479231588952
44,qpso,12.0,0.5645479231588952
44,qpso,13.0,0.5645479231588952
44,qpso,14.0,0.5645479231588952
44,qpso,15.0,0.5645479231588952
44,qpso,16.0,0.5645479231588952
44,qpso,17.0,0.5645479231588952
44,qpso,18.0,0.5645479231588952
44,qpso,19.0,0.5645479231588952
44,qpso,20.0,0.5645479231588952
44,qpso,21.0,0.5645479231588952
44,qpso,22.0,0.5645479231588952
44,qpso,23.0,0.5645479231588952
44,qpso,24.0,0.5645479231588952
44,qpso,25.0,0.5645479231588952
44,qpso,26.0,0.5645479231588952
44,qpso,27.0,0.5645479231588952
44,qpso,28.0,0.5645479231588952
44,qpso,29.0,0.5645479231588952
44,qpso,30.0,0.5645479231588952
44,qpso,31.0,0.5645479231588952
44,qpso,32.0,0.5645479231588952
44,qpso,33.0,0.5645479231588952
44,qpso,34.0,0.5645479231588952
44,qpso,35.0,0.5645479231588952
44,qpso,36.0,0.5645479231588952
44,qpso,37.0,0.5645479231588952
44,qpso,38.0,0.5645479231588952
44,qpso,39.0,0.5645479231588952
44,qpso,40.0,0.5645479231588952
44,qpso,41.0,0.5645479231588952
44,qpso,42.0,0.5645479231588952
44,qpso,43.0,0.5645479231588952
44,qpso,44.0,0.5645479231588952
44,qpso,45.0,0.5645479231588952
44,qpso,46.0,0.5645479231588952
44,qpso,47.0,0.5645479231588952
44,qpso,48.0,0.5645479231588952
44,qpso,49.0,0.5645479231588952
44,qpso,50.0,0.5645479231588952
55,differential_evolution,1.0,0.5645479231588952
55,differential_evolution,2.0,0.5645479231588952
55,differential_evolution,3.0,0.5645479231588952
55,differential_evolution,4.0,0.5645479231588952
55,differential_evolution,5.0,0.5645479231588952
55,differential_evolution,6.0,0.5645479231588952
55,differential_evolution,7.0,0.5645479231588952
55,differential_evolution,8.0,0.5645479231588952
55,differential_evolution,9.0,0.5645479231588952
55,differential_evolution,10.0,0.5645479231588952
55,differential_evolution,11.0,0.5645479231588952
55,differential_evolution,12.0,0.5645479231588952
55,differential_evolution,13.0,0.5645479231588952
55,differential_evolution,14.0,0.5645479231588952
55,differential_evolution,15.0,0.5645479231588952
55,differential_evolution,16.0,0.5645479231588952
55,differential_evolution,17.0,0.5645479231588952
55,differential_evolution,18.0,0.5645479231588952
55,differential_evolution,19.0,0.5645479231588952
55,differential_evolution,20.0,0.5645479231588952
55,differential_evolution,21.0,0.5645479231588952
55,differential_evolution,22.0,0.5645479231588952
55,differential_evolution,23.0,0.5645479231588952
55,differential_evolution,24.0,0.5645479231588952
55,differential_evolution,25.0,0.5645479231588952
55,differential_evolution,26.0,0.5645479231588952
55,differential_evolution,27.0,0.5645479231588952
55,differential_evolution,28.0,0.5645479231588952
55,differential_evolution,29.0,0.5645479231588952
55,differential_evolution,30.0,0.5645479231588952
55,differential_evolution,31.0,0.5645479231588952
55,differential_evolution,32.0,0.5645479231588952
55,differential_evolution,33.0,0.5645479231588952
55,differential_evolution,34.0,0.5645479231588952
55,differential_evolution,35.0,0.5645479231588952
55,differential_evolution,36.0,0.5645479231588952
55,differential_evolution,37.0,0.5645479231588952
55,differential_evolution,38.0,0.5645479231588952
55,differential_evolution,39.0,0.5645479231588952
55,differential_evolution,40.0,0.5645479231588952
55,differential_evolution,41.0,0.5645479231588952
55,differential_evolution,42.0,0.5645479231588952
55,differential_evolution,43.0,0.5645479231588952
55,differential_evolution,44.0,0.5645479231588952
55,differential_evolution,45.0,0.5645479231588952
55,differential_evolution,46.0,0.5645479231588952
55,differential_evolution,47.0,0.5645479231588952
55,differential_evolution,48.0,0.5645479231588952
55,differential_evolution,49.0,0.5645479231588952
55,differential_evolution,50.0,0.5645479231588952
55,qpso,1.0,0.5645479231588952
55,qpso,2.0,0.5645479231588952
55,qpso,3.0,0.5645479231588952
55,qpso,4.0,0.5645479231588952
55,qpso,5.0,0.5645479231588952
55,qpso,6.0,0.5645479231588952
55,qpso,7.0,0.5645479231588952
55,qpso,8.0,0.5645479231588952
55,qpso,9.0,0.5645479231588952
55,qpso,10.0,0.5645479231588952
55,qpso,11.0,0.5645479231588952
55,qpso,12.0,0.5645479231588952
55,qpso,13.0,0.5645479231588952
55,qpso,14.0,0.5645479231588952
55,qpso,15.0,0.5645479231588952
55,qpso,16.0,0.5645479231588952
55,qpso,17.0,0.5645479231588952
55,qpso,18.0,0.5645479231588952
55,qpso,19.0,0.5645479231588952
55,qpso,20.0,0.5645479231588952
55,qpso,21.0,0.5645479231588952
55,qpso,22.0,0.5645479231588952
55,qpso,23.0,0.5645479231588952
55,qpso,24.0,0.5645479231588952
55,qpso,25.0,0.5645479231588952
55,qpso,26.0,0.5645479231588952
55,qpso,27.0,0.5645479231588952
55,qpso,28.0,0.5645479231588952
55,qpso,29.0,0.5645479231588952
55,qpso,30.0,0.5645479231588952
55,qpso,31.0,0.5645479231588952
55,qpso,32.0,0.5645479231588952
55,qpso,33.0,0.5645479231588952
55,qpso,34.0,0.5645479231588952
55,qpso,35.0,0.5645479231588952
55,qpso,36.0,0.5645479231588952
55,qpso,37.0,0.5645479231588952
55,qpso,38.0,0.5645479231588952
55,qpso,39.0,0.5645479231588952
55,qpso,40.0,0.5645479231588952
55,qpso,41.0,0.5645479231588952
55,qpso,42.0,0.5645479231588952
55,qpso,43.0,0.5645479231588952
55,qpso,44.0,0.5645479231588952
55,qpso,45.0,0.5645479231588952
55,qpso,46.0,0.5645479231588952
55,qpso,47.0,0.5645479231588952
55,qpso,48.0,0.5645479231588952
55,qpso,49.0,0.5645479231588952
55,qpso,50.0,0.5645479231588952
