seed,optimizer,best_objective,predicted_fuel_consumption,predicted_co2_emissions,selected_route_id,selected_fuel_type,derived_distance,runtime_seconds,iterations,evaluation_count
11,differential_evolution,0.5645479231588952,2737.2890946163243,7529.475622728785,Warri-Bonny,HFO,117.36,0.7672621000092477,50,1530
11,qpso,0.5645479231588952,2737.2890946163243,7529.475622728785,Warri-Bonny,HFO,117.36,0.763059400007478,50,1530
22,differential_evolution,0.5645479231588952,2737.2890946163243,7529.475622728785,Warri-Bonny,HFO,117.36,0.9250666000007186,50,1530
22,qpso,0.5645479231588952,2737.2890946163243,7529.475622728785,Warri-Bonny,HFO,117.36,0.4556999999913387,50,1530
33,differential_evolution,0.5645479231588952,2737.2890946163243,7529.475622728785,Warri-Bonny,HFO,117.36,0.3470085000008112,50,1530
33,qpso,0.5645479231588952,2737.2890946163243,7529.475622728785,Warri-Bonny,HFO,117.36,0.2630116999935126,50,1530
44,differential_evolution,0.5645479231588952,2737.2890946163243,7529.475622728785,Warri-Bonny,HFO,117.36,0.3837609999900451,50,1530
44,qpso,0.5645479231588952,2737.2890946163243,7529.475622728785,Warri-Bonny,HFO,117.36,0.23889749999216292,50,1530
55,differential_evolution,0.5645479231588952,2737.2890946163243,7529.475622728785,Warri-Bonny,HFO,117.36,0.31812799999897834,50,1530
55,qpso,0.5645479231588952,2737.2890946163243,7529.475622728785,Warri-Bonny,HFO,117.36,0.2721129999990808,50,1530
